area,item,year,value
Afghanistan,Bovine Meat,2010,4.72
Afghanistan,Bovine Meat,2011,4.79
Afghanistan,Bovine Meat,2012,4.38
Afghanistan,Bovine Meat,2013,4.17
Afghanistan,Bovine Meat,2014,4.98
Afghanistan,Bovine Meat,2015,3.8
Afghanistan,Bovine Meat,2016,3.27
Afghanistan,Bovine Meat,2017,2.92
Afghanistan,Bovine Meat,2018,2.66
Afghanistan,Bovine Meat,2019,2.75
Afghanistan,Bovine Meat,2020,3.19
Afghanistan,Bovine Meat,2021,2.29
Afghanistan,Bovine Meat,2022,1.89
Afghanistan,Bovine Meat,2023,1.73
Afghanistan,Mutton & Goat Meat,2010,5.02
Afghanistan,Mutton & Goat Meat,2011,4.64
Afghanistan,Mutton & Goat Meat,2012,5.01
Afghanistan,Mutton & Goat Meat,2013,5.19
Afghanistan,Mutton & Goat Meat,2014,5.05
Afghanistan,Mutton & Goat Meat,2015,4.76
Afghanistan,Mutton & Goat Meat,2016,4.79
Afghanistan,Mutton & Goat Meat,2017,4.44
Afghanistan,Mutton & Goat Meat,2018,4.31
Afghanistan,Mutton & Goat Meat,2019,3.45
Afghanistan,Mutton & Goat Meat,2020,4.02
Afghanistan,Mutton & Goat Meat,2021,3.79
Afghanistan,Mutton & Goat Meat,2022,3.66
Afghanistan,Mutton & Goat Meat,2023,3.57
Afghanistan,Pigmeat,2014,0.03
Afghanistan,Pigmeat,2015,0.02
Afghanistan,Pigmeat,2016,0.01
Afghanistan,Pigmeat,2017,0.02
Afghanistan,Pigmeat,2018,0.03
Afghanistan,Pigmeat,2019,0.03
Afghanistan,Pigmeat,2020,0.04
Afghanistan,Pigmeat,2021,0.01
Afghanistan,Pigmeat,2022,0.01
Afghanistan,Pigmeat,2023,0
Afghanistan,Poultry Meat,2010,2.28
Afghanistan,Poultry Meat,2011,1.91
Afghanistan,Poultry Meat,2012,2.04
Afghanistan,Poultry Meat,2013,2.1
Afghanistan,Poultry Meat,2014,2.1
Afghanistan,Poultry Meat,2015,1.96
Afghanistan,Poultry Meat,2016,1.99
Afghanistan,Poultry Meat,2017,1.79
Afghanistan,Poultry Meat,2018,1.46
Afghanistan,Poultry Meat,2019,1.81
Afghanistan,Poultry Meat,2020,1.64
Afghanistan,Poultry Meat,2021,1.52
Afghanistan,Poultry Meat,2022,0.87
Afghanistan,Poultry Meat,2023,0.81
Afghanistan,"Meat, Other",2010,0.37
Afghanistan,"Meat, Other",2011,0.35
Afghanistan,"Meat, Other",2012,0.37
Afghanistan,"Meat, Other",2013,0.38
Afghanistan,"Meat, Other",2014,0.38
Afghanistan,"Meat, Other",2015,0.36
Afghanistan,"Meat, Other",2016,0.36
Afghanistan,"Meat, Other",2017,0.33
Afghanistan,"Meat, Other",2018,0.32
Afghanistan,"Meat, Other",2019,0.31
Afghanistan,"Meat, Other",2020,0.3
Afghanistan,"Meat, Other",2021,0.29
Afghanistan,"Meat, Other",2022,0.29
Afghanistan,"Meat, Other",2023,0.28
Armenia,Bovine Meat,2010,19.66
Armenia,Bovine Meat,2011,21.23
Armenia,Bovine Meat,2012,19.85
Armenia,Bovine Meat,2013,20.55
Armenia,Bovine Meat,2014,22.4
Armenia,Bovine Meat,2015,22.65
Armenia,Bovine Meat,2016,24.31
Armenia,Bovine Meat,2017,25.05
Armenia,Bovine Meat,2018,25.35
Armenia,Bovine Meat,2019,25.38
Armenia,Bovine Meat,2020,25.17
Armenia,Bovine Meat,2021,25.86
Armenia,Bovine Meat,2022,24.19
Armenia,Bovine Meat,2023,22.3
Armenia,Mutton & Goat Meat,2010,2.8
Armenia,Mutton & Goat Meat,2011,2.87
Armenia,Mutton & Goat Meat,2012,2.9
Armenia,Mutton & Goat Meat,2013,3.07
Armenia,Mutton & Goat Meat,2014,3
Armenia,Mutton & Goat Meat,2015,3.13
Armenia,Mutton & Goat Meat,2016,2.68
Armenia,Mutton & Goat Meat,2017,2.79
Armenia,Mutton & Goat Meat,2018,2.94
Armenia,Mutton & Goat Meat,2019,3.26
Armenia,Mutton & Goat Meat,2020,3.68
Armenia,Mutton & Goat Meat,2021,3.76
Armenia,Mutton & Goat Meat,2022,3.74
Armenia,Mutton & Goat Meat,2023,3.5
Armenia,Pigmeat,2010,6.69
Armenia,Pigmeat,2011,7.99
Armenia,Pigmeat,2012,8.6
Armenia,Pigmeat,2013,9.51
Armenia,Pigmeat,2014,10.74
Armenia,Pigmeat,2015,10.65
Armenia,Pigmeat,2016,9.24
Armenia,Pigmeat,2017,9.54
Armenia,Pigmeat,2018,10.37
Armenia,Pigmeat,2019,9.87
Armenia,Pigmeat,2020,8.9
Armenia,Pigmeat,2021,10.05
Armenia,Pigmeat,2022,11
Armenia,Pigmeat,2023,10.77
Armenia,Poultry Meat,2010,14.1
Armenia,Poultry Meat,2011,14.73
Armenia,Poultry Meat,2012,14.06
Armenia,Poultry Meat,2013,13.54
Armenia,Poultry Meat,2014,13.83
Armenia,Poultry Meat,2015,14.24
Armenia,Poultry Meat,2016,11.28
Armenia,Poultry Meat,2017,15.62
Armenia,Poultry Meat,2018,15.34
Armenia,Poultry Meat,2019,19.06
Armenia,Poultry Meat,2020,15.77
Armenia,Poultry Meat,2021,18.51
Armenia,Poultry Meat,2022,18.57
Armenia,Poultry Meat,2023,18.04
Armenia,"Meat, Other",2010,0.05
Armenia,"Meat, Other",2011,0.06
Armenia,"Meat, Other",2012,0.02
Armenia,"Meat, Other",2013,0.02
Armenia,"Meat, Other",2014,0.04
Armenia,"Meat, Other",2015,0.03
Armenia,"Meat, Other",2016,0.04
Armenia,"Meat, Other",2017,0.04
Armenia,"Meat, Other",2018,0.06
Armenia,"Meat, Other",2019,0.1
Armenia,"Meat, Other",2020,0.04
Armenia,"Meat, Other",2021,0.03
Armenia,"Meat, Other",2022,0.03
Armenia,"Meat, Other",2023,0.07
Azerbaijan,Bovine Meat,2010,12.57
Azerbaijan,Bovine Meat,2011,12.8
Azerbaijan,Bovine Meat,2012,12.41
Azerbaijan,Bovine Meat,2013,12.62
Azerbaijan,Bovine Meat,2014,11.64
Azerbaijan,Bovine Meat,2015,12.71
Azerbaijan,Bovine Meat,2016,12.23
Azerbaijan,Bovine Meat,2017,12.65
Azerbaijan,Bovine Meat,2018,12.8
Azerbaijan,Bovine Meat,2019,12.56
Azerbaijan,Bovine Meat,2020,13.35
Azerbaijan,Bovine Meat,2021,14.95
Azerbaijan,Bovine Meat,2022,15.11
Azerbaijan,Bovine Meat,2023,14.21
Azerbaijan,Mutton & Goat Meat,2010,7.69
Azerbaijan,Mutton & Goat Meat,2011,7.62
Azerbaijan,Mutton & Goat Meat,2012,7.64
Azerbaijan,Mutton & Goat Meat,2013,7.74
Azerbaijan,Mutton & Goat Meat,2014,7
Azerbaijan,Mutton & Goat Meat,2015,7.12
Azerbaijan,Mutton & Goat Meat,2016,7.69
Azerbaijan,Mutton & Goat Meat,2017,7.68
Azerbaijan,Mutton & Goat Meat,2018,7.7
Azerbaijan,Mutton & Goat Meat,2019,8.26
Azerbaijan,Mutton & Goat Meat,2020,8.29
Azerbaijan,Mutton & Goat Meat,2021,8.56
Azerbaijan,Mutton & Goat Meat,2022,8.65
Azerbaijan,Mutton & Goat Meat,2023,8.61
Azerbaijan,Pigmeat,2010,0.34
Azerbaijan,Pigmeat,2011,0.3
Azerbaijan,Pigmeat,2012,0.23
Azerbaijan,Pigmeat,2013,0.21
Azerbaijan,Pigmeat,2014,0.34
Azerbaijan,Pigmeat,2015,1.21
Azerbaijan,Pigmeat,2016,0.78
Azerbaijan,Pigmeat,2017,0.62
Azerbaijan,Pigmeat,2018,0.61
Azerbaijan,Pigmeat,2019,0.66
Azerbaijan,Pigmeat,2020,0.68
Azerbaijan,Pigmeat,2021,0.83
Azerbaijan,Pigmeat,2022,0.82
Azerbaijan,Pigmeat,2023,0.93
Azerbaijan,Poultry Meat,2010,8.7
Azerbaijan,Poultry Meat,2011,9.64
Azerbaijan,Poultry Meat,2012,10.53
Azerbaijan,Poultry Meat,2013,10.37
Azerbaijan,Poultry Meat,2014,11.38
Azerbaijan,Poultry Meat,2015,11.74
Azerbaijan,Poultry Meat,2016,11.7
Azerbaijan,Poultry Meat,2017,12.97
Azerbaijan,Poultry Meat,2018,13.75
Azerbaijan,Poultry Meat,2019,14.44
Azerbaijan,Poultry Meat,2020,14.37
Azerbaijan,Poultry Meat,2021,15.31
Azerbaijan,Poultry Meat,2022,15.48
Azerbaijan,Poultry Meat,2023,15.68
Azerbaijan,"Meat, Other",2010,0.01
Azerbaijan,"Meat, Other",2011,0.04
Azerbaijan,"Meat, Other",2012,0.02
Azerbaijan,"Meat, Other",2013,0.08
Azerbaijan,"Meat, Other",2014,0.05
Azerbaijan,"Meat, Other",2015,0
Azerbaijan,"Meat, Other",2016,0
Azerbaijan,"Meat, Other",2017,0
Azerbaijan,"Meat, Other",2018,0
Azerbaijan,"Meat, Other",2019,0
Azerbaijan,"Meat, Other",2020,0
Azerbaijan,"Meat, Other",2021,0
Azerbaijan,"Meat, Other",2022,0
Azerbaijan,"Meat, Other",2023,0
Bahrain,Bovine Meat,2019,13.77
Bahrain,Bovine Meat,2020,14.27
Bahrain,Bovine Meat,2021,13.95
Bahrain,Bovine Meat,2022,14.88
Bahrain,Bovine Meat,2023,13.89
Bahrain,Mutton & Goat Meat,2019,22.63
Bahrain,Mutton & Goat Meat,2020,21.65
Bahrain,Mutton & Goat Meat,2021,21.38
Bahrain,Mutton & Goat Meat,2022,22.61
Bahrain,Mutton & Goat Meat,2023,21.63
Bahrain,Pigmeat,2019,0.98
Bahrain,Pigmeat,2020,0.97
Bahrain,Pigmeat,2021,0.7
Bahrain,Pigmeat,2022,0.85
Bahrain,Pigmeat,2023,0.64
Bahrain,Poultry Meat,2019,47.25
Bahrain,Poultry Meat,2020,50.78
Bahrain,Poultry Meat,2021,41.05
Bahrain,Poultry Meat,2022,44.91
Bahrain,Poultry Meat,2023,39.2
Bahrain,"Meat, Other",2019,0.77
Bahrain,"Meat, Other",2020,0.6
Bahrain,"Meat, Other",2021,1.24
Bahrain,"Meat, Other",2022,1.53
Bahrain,"Meat, Other",2023,0.9
Bangladesh,Bovine Meat,2010,1.27
Bangladesh,Bovine Meat,2011,1.17
Bangladesh,Bovine Meat,2012,1.17
Bangladesh,Bovine Meat,2013,1.22
Bangladesh,Bovine Meat,2014,1.31
Bangladesh,Bovine Meat,2015,1.37
Bangladesh,Bovine Meat,2016,1.31
Bangladesh,Bovine Meat,2017,1.21
Bangladesh,Bovine Meat,2018,1.21
Bangladesh,Bovine Meat,2019,1.23
Bangladesh,Bovine Meat,2020,1.26
Bangladesh,Bovine Meat,2021,1.29
Bangladesh,Bovine Meat,2022,1.28
Bangladesh,Bovine Meat,2023,1.22
Bangladesh,Mutton & Goat Meat,2010,1.23
Bangladesh,Mutton & Goat Meat,2011,1.27
Bangladesh,Mutton & Goat Meat,2012,1.31
Bangladesh,Mutton & Goat Meat,2013,1.34
Bangladesh,Mutton & Goat Meat,2014,1.38
Bangladesh,Mutton & Goat Meat,2015,1.42
Bangladesh,Mutton & Goat Meat,2016,1.46
Bangladesh,Mutton & Goat Meat,2017,1.4
Bangladesh,Mutton & Goat Meat,2018,1.39
Bangladesh,Mutton & Goat Meat,2019,1.41
Bangladesh,Mutton & Goat Meat,2020,1.39
Bangladesh,Mutton & Goat Meat,2021,1.33
Bangladesh,Mutton & Goat Meat,2022,1.42
Bangladesh,Mutton & Goat Meat,2023,1.45
Bangladesh,Pigmeat,2010,0
Bangladesh,Pigmeat,2011,0
Bangladesh,Pigmeat,2012,0
Bangladesh,Pigmeat,2013,0
Bangladesh,Pigmeat,2014,0
Bangladesh,Pigmeat,2015,0
Bangladesh,Pigmeat,2016,0
Bangladesh,Pigmeat,2017,0
Bangladesh,Pigmeat,2018,0
Bangladesh,Pigmeat,2019,0
Bangladesh,Pigmeat,2020,0
Bangladesh,Pigmeat,2021,0
Bangladesh,Pigmeat,2022,0
Bangladesh,Pigmeat,2023,0.01
Bangladesh,Poultry Meat,2010,1.28
Bangladesh,Poultry Meat,2011,1.33
Bangladesh,Poultry Meat,2012,1.39
Bangladesh,Poultry Meat,2013,1.44
Bangladesh,Poultry Meat,2014,1.49
Bangladesh,Poultry Meat,2015,1.55
Bangladesh,Poultry Meat,2016,1.61
Bangladesh,Poultry Meat,2017,1.59
Bangladesh,Poultry Meat,2018,1.58
Bangladesh,Poultry Meat,2019,1.58
Bangladesh,Poultry Meat,2020,1.62
Bangladesh,Poultry Meat,2021,1.65
Bangladesh,Poultry Meat,2022,1.67
Bangladesh,Poultry Meat,2023,1.7
Bangladesh,"Meat, Other",2010,0.1
Bangladesh,"Meat, Other",2011,0.1
Bangladesh,"Meat, Other",2012,0.1
Bangladesh,"Meat, Other",2013,0.1
Bangladesh,"Meat, Other",2014,0.2
Bangladesh,"Meat, Other",2015,0.1
Bangladesh,"Meat, Other",2016,0.11
Bangladesh,"Meat, Other",2017,0.11
Bangladesh,"Meat, Other",2018,0.11
Bangladesh,"Meat, Other",2019,0.1
Bangladesh,"Meat, Other",2020,0.1
Bangladesh,"Meat, Other",2021,0.1
Bangladesh,"Meat, Other",2022,0.1
Bangladesh,"Meat, Other",2023,0.12
Bhutan,Bovine Meat,2019,9.19
Bhutan,Bovine Meat,2020,3.3
Bhutan,Bovine Meat,2021,5.96
Bhutan,Bovine Meat,2022,7.48
Bhutan,Bovine Meat,2023,6.85
Bhutan,Mutton & Goat Meat,2019,0.3
Bhutan,Mutton & Goat Meat,2020,0.61
Bhutan,Mutton & Goat Meat,2021,0.24
Bhutan,Mutton & Goat Meat,2022,0.25
Bhutan,Mutton & Goat Meat,2023,0.32
Bhutan,Pigmeat,2019,2.47
Bhutan,Pigmeat,2020,1.94
Bhutan,Pigmeat,2021,3.55
Bhutan,Pigmeat,2022,3.34
Bhutan,Pigmeat,2023,2.15
Bhutan,Poultry Meat,2019,3.33
Bhutan,Poultry Meat,2020,4.2
Bhutan,Poultry Meat,2021,5.37
Bhutan,Poultry Meat,2022,4.82
Bhutan,Poultry Meat,2023,5.34
Bhutan,"Meat, Other",2021,0
Bhutan,"Meat, Other",2022,0
Bhutan,"Meat, Other",2023,0
Cambodia,Bovine Meat,2010,5
Cambodia,Bovine Meat,2011,4.94
Cambodia,Bovine Meat,2012,4.61
Cambodia,Bovine Meat,2013,3.9
Cambodia,Bovine Meat,2014,3.94
Cambodia,Bovine Meat,2015,3.8
Cambodia,Bovine Meat,2016,3.77
Cambodia,Bovine Meat,2017,3.99
Cambodia,Bovine Meat,2018,4.33
Cambodia,Bovine Meat,2019,3.57
Cambodia,Bovine Meat,2020,3.54
Cambodia,Bovine Meat,2021,4.15
Cambodia,Bovine Meat,2022,4.19
Cambodia,Bovine Meat,2023,5.69
Cambodia,Mutton & Goat Meat,2010,0
Cambodia,Mutton & Goat Meat,2011,0
Cambodia,Mutton & Goat Meat,2012,0
Cambodia,Mutton & Goat Meat,2013,0
Cambodia,Mutton & Goat Meat,2014,0
Cambodia,Mutton & Goat Meat,2015,0.01
Cambodia,Mutton & Goat Meat,2016,0.01
Cambodia,Mutton & Goat Meat,2017,0.01
Cambodia,Mutton & Goat Meat,2018,0.01
Cambodia,Mutton & Goat Meat,2019,0
Cambodia,Mutton & Goat Meat,2020,0
Cambodia,Mutton & Goat Meat,2021,0.01
Cambodia,Mutton & Goat Meat,2022,0.01
Cambodia,Mutton & Goat Meat,2023,0.01
Cambodia,Pigmeat,2010,7.22
Cambodia,Pigmeat,2011,7.46
Cambodia,Pigmeat,2012,6.58
Cambodia,Pigmeat,2013,6.76
Cambodia,Pigmeat,2014,7.3
Cambodia,Pigmeat,2015,7.12
Cambodia,Pigmeat,2016,7.11
Cambodia,Pigmeat,2017,7.02
Cambodia,Pigmeat,2018,6.82
Cambodia,Pigmeat,2019,5.67
Cambodia,Pigmeat,2020,6.41
Cambodia,Pigmeat,2021,6.12
Cambodia,Pigmeat,2022,6.11
Cambodia,Pigmeat,2023,6.47
Cambodia,Poultry Meat,2010,1.95
Cambodia,Poultry Meat,2011,1.88
Cambodia,Poultry Meat,2012,1.71
Cambodia,Poultry Meat,2013,1.71
Cambodia,Poultry Meat,2014,1.64
Cambodia,Poultry Meat,2015,1.58
Cambodia,Poultry Meat,2016,1.66
Cambodia,Poultry Meat,2017,2.18
Cambodia,Poultry Meat,2018,2.47
Cambodia,Poultry Meat,2019,1.73
Cambodia,Poultry Meat,2020,1.79
Cambodia,Poultry Meat,2021,1.73
Cambodia,Poultry Meat,2022,1.93
Cambodia,Poultry Meat,2023,3.91
Cambodia,"Meat, Other",2010,0
Cambodia,"Meat, Other",2011,0
Cambodia,"Meat, Other",2012,0
Cambodia,"Meat, Other",2013,0
Cambodia,"Meat, Other",2014,0
Cambodia,"Meat, Other",2015,0
Cambodia,"Meat, Other",2016,0
Cambodia,"Meat, Other",2017,0
Cambodia,"Meat, Other",2018,0
Cambodia,"Meat, Other",2019,0.03
Cambodia,"Meat, Other",2020,0.01
Cambodia,"Meat, Other",2021,0.01
Cambodia,"Meat, Other",2022,0
Cambodia,"Meat, Other",2023,0.05
"China, Hong Kong SAR",Bovine Meat,2010,19.75
"China, Hong Kong SAR",Bovine Meat,2011,17.87
"China, Hong Kong SAR",Bovine Meat,2012,28.33
"China, Hong Kong SAR",Bovine Meat,2013,24.19
"China, Hong Kong SAR",Bovine Meat,2014,32.18
"China, Hong Kong SAR",Bovine Meat,2015,29.82
"China, Hong Kong SAR",Bovine Meat,2016,31.99
"China, Hong Kong SAR",Bovine Meat,2017,33.28
"China, Hong Kong SAR",Bovine Meat,2018,35.24
"China, Hong Kong SAR",Bovine Meat,2019,33.79
"China, Hong Kong SAR",Bovine Meat,2020,32.28
"China, Hong Kong SAR",Bovine Meat,2021,32.45
"China, Hong Kong SAR",Bovine Meat,2022,18.9
"China, Hong Kong SAR",Bovine Meat,2023,17.46
"China, Hong Kong SAR",Mutton & Goat Meat,2010,1.97
"China, Hong Kong SAR",Mutton & Goat Meat,2011,2.22
"China, Hong Kong SAR",Mutton & Goat Meat,2012,1.63
"China, Hong Kong SAR",Mutton & Goat Meat,2013,1.41
"China, Hong Kong SAR",Mutton & Goat Meat,2014,1.81
"China, Hong Kong SAR",Mutton & Goat Meat,2015,1.42
"China, Hong Kong SAR",Mutton & Goat Meat,2016,0.68
"China, Hong Kong SAR",Mutton & Goat Meat,2017,1.19
"China, Hong Kong SAR",Mutton & Goat Meat,2018,0.98
"China, Hong Kong SAR",Mutton & Goat Meat,2019,0.91
"China, Hong Kong SAR",Mutton & Goat Meat,2020,1.19
"China, Hong Kong SAR",Mutton & Goat Meat,2021,1.33
"China, Hong Kong SAR",Mutton & Goat Meat,2022,0.49
"China, Hong Kong SAR",Mutton & Goat Meat,2023,0.45
"China, Hong Kong SAR",Pigmeat,2010,53.62
"China, Hong Kong SAR",Pigmeat,2011,55.25
"China, Hong Kong SAR",Pigmeat,2012,56.74
"China, Hong Kong SAR",Pigmeat,2013,56.37
"China, Hong Kong SAR",Pigmeat,2014,50.65
"China, Hong Kong SAR",Pigmeat,2015,55.47
"China, Hong Kong SAR",Pigmeat,2016,58.77
"China, Hong Kong SAR",Pigmeat,2017,59.27
"China, Hong Kong SAR",Pigmeat,2018,56.35
"China, Hong Kong SAR",Pigmeat,2019,51.67
"China, Hong Kong SAR",Pigmeat,2020,55.74
"China, Hong Kong SAR",Pigmeat,2021,52.14
"China, Hong Kong SAR",Pigmeat,2022,49.82
"China, Hong Kong SAR",Pigmeat,2023,46.02
"China, Hong Kong SAR",Poultry Meat,2010,57.11
"China, Hong Kong SAR",Poultry Meat,2011,57.52
"China, Hong Kong SAR",Poultry Meat,2012,49.04
"China, Hong Kong SAR",Poultry Meat,2013,45.33
"China, Hong Kong SAR",Poultry Meat,2014,42.25
"China, Hong Kong SAR",Poultry Meat,2015,37.85
"China, Hong Kong SAR",Poultry Meat,2016,39.52
"China, Hong Kong SAR",Poultry Meat,2017,46.19
"China, Hong Kong SAR",Poultry Meat,2018,40.32
"China, Hong Kong SAR",Poultry Meat,2019,56.57
"China, Hong Kong SAR",Poultry Meat,2020,53.94
"China, Hong Kong SAR",Poultry Meat,2021,49.45
"China, Hong Kong SAR",Poultry Meat,2022,40
"China, Hong Kong SAR",Poultry Meat,2023,41.44
"China, Hong Kong SAR","Meat, Other",2010,2.42
"China, Hong Kong SAR","Meat, Other",2011,2.68
"China, Hong Kong SAR","Meat, Other",2012,2.88
"China, Hong Kong SAR","Meat, Other",2013,2.71
"China, Hong Kong SAR","Meat, Other",2014,3.4
"China, Hong Kong SAR","Meat, Other",2015,3.19
"China, Hong Kong SAR","Meat, Other",2016,3
"China, Hong Kong SAR","Meat, Other",2017,2.83
"China, Hong Kong SAR","Meat, Other",2018,3.39
"China, Hong Kong SAR","Meat, Other",2019,2.56
"China, Hong Kong SAR","Meat, Other",2020,2.12
"China, Hong Kong SAR","Meat, Other",2021,2.06
"China, Hong Kong SAR","Meat, Other",2022,2.06
"China, Hong Kong SAR","Meat, Other",2023,2.07
"China, Macao SAR",Bovine Meat,2010,9.35
"China, Macao SAR",Bovine Meat,2011,10.03
"China, Macao SAR",Bovine Meat,2012,10.8
"China, Macao SAR",Bovine Meat,2013,10.89
"China, Macao SAR",Bovine Meat,2014,12.97
"China, Macao SAR",Bovine Meat,2015,12.25
"China, Macao SAR",Bovine Meat,2016,13.29
"China, Macao SAR",Bovine Meat,2017,15.38
"China, Macao SAR",Bovine Meat,2018,16.24
"China, Macao SAR",Bovine Meat,2019,12.07
"China, Macao SAR",Bovine Meat,2020,11.55
"China, Macao SAR",Bovine Meat,2021,13.38
"China, Macao SAR",Bovine Meat,2022,12.4
"China, Macao SAR",Bovine Meat,2023,18.39
"China, Macao SAR",Mutton & Goat Meat,2010,0.85
"China, Macao SAR",Mutton & Goat Meat,2011,0.82
"China, Macao SAR",Mutton & Goat Meat,2012,0.72
"China, Macao SAR",Mutton & Goat Meat,2013,0.72
"China, Macao SAR",Mutton & Goat Meat,2014,0.75
"China, Macao SAR",Mutton & Goat Meat,2015,0.68
"China, Macao SAR",Mutton & Goat Meat,2016,0.58
"China, Macao SAR",Mutton & Goat Meat,2017,0.68
"China, Macao SAR",Mutton & Goat Meat,2018,0.7
"China, Macao SAR",Mutton & Goat Meat,2019,0.68
"China, Macao SAR",Mutton & Goat Meat,2020,0.69
"China, Macao SAR",Mutton & Goat Meat,2021,1.09
"China, Macao SAR",Mutton & Goat Meat,2022,0.57
"China, Macao SAR",Mutton & Goat Meat,2023,0.81
"China, Macao SAR",Pigmeat,2010,54.75
"China, Macao SAR",Pigmeat,2011,57.42
"China, Macao SAR",Pigmeat,2012,62.03
"China, Macao SAR",Pigmeat,2013,61.2
"China, Macao SAR",Pigmeat,2014,64.93
"China, Macao SAR",Pigmeat,2015,64.52
"China, Macao SAR",Pigmeat,2016,66.7
"China, Macao SAR",Pigmeat,2017,66.94
"China, Macao SAR",Pigmeat,2018,65.05
"China, Macao SAR",Pigmeat,2019,60.09
"China, Macao SAR",Pigmeat,2020,55.49
"China, Macao SAR",Pigmeat,2021,52.46
"China, Macao SAR",Pigmeat,2022,48.48
"China, Macao SAR",Pigmeat,2023,57.71
"China, Macao SAR",Poultry Meat,2010,31.38
"China, Macao SAR",Poultry Meat,2011,33.33
"China, Macao SAR",Poultry Meat,2012,34.17
"China, Macao SAR",Poultry Meat,2013,34.83
"China, Macao SAR",Poultry Meat,2014,34.95
"China, Macao SAR",Poultry Meat,2015,33.5
"China, Macao SAR",Poultry Meat,2016,33.22
"China, Macao SAR",Poultry Meat,2017,32.95
"China, Macao SAR",Poultry Meat,2018,32.96
"China, Macao SAR",Poultry Meat,2019,33.29
"China, Macao SAR",Poultry Meat,2020,36.81
"China, Macao SAR",Poultry Meat,2021,47.49
"China, Macao SAR",Poultry Meat,2022,49.02
"China, Macao SAR",Poultry Meat,2023,42.64
"China, Macao SAR","Meat, Other",2010,0.35
"China, Macao SAR","Meat, Other",2011,0.74
"China, Macao SAR","Meat, Other",2012,1
"China, Macao SAR","Meat, Other",2013,0.98
"China, Macao SAR","Meat, Other",2014,0.78
"China, Macao SAR","Meat, Other",2015,0.75
"China, Macao SAR","Meat, Other",2016,0.52
"China, Macao SAR","Meat, Other",2017,1.62
"China, Macao SAR","Meat, Other",2018,1.23
"China, Macao SAR","Meat, Other",2019,0.95
"China, Macao SAR","Meat, Other",2020,1.05
"China, Macao SAR","Meat, Other",2021,1.26
"China, Macao SAR","Meat, Other",2022,1.45
"China, Macao SAR","Meat, Other",2023,1.68
"China, mainland",Bovine Meat,2010,4.66
"China, mainland",Bovine Meat,2011,4.49
"China, mainland",Bovine Meat,2012,4.52
"China, mainland",Bovine Meat,2013,4.69
"China, mainland",Bovine Meat,2014,4.69
"China, mainland",Bovine Meat,2015,4.85
"China, mainland",Bovine Meat,2016,4.93
"China, mainland",Bovine Meat,2017,5.12
"China, mainland",Bovine Meat,2018,5.53
"China, mainland",Bovine Meat,2019,6.25
"China, mainland",Bovine Meat,2020,7.2
"China, mainland",Bovine Meat,2021,7.54
"China, mainland",Bovine Meat,2022,7.59
"China, mainland",Bovine Meat,2023,7.89
"China, mainland",Mutton & Goat Meat,2010,2.71
"China, mainland",Mutton & Goat Meat,2011,2.83
"China, mainland",Mutton & Goat Meat,2012,2.99
"China, mainland",Mutton & Goat Meat,2013,3.17
"China, mainland",Mutton & Goat Meat,2014,3.24
"China, mainland",Mutton & Goat Meat,2015,3.24
"China, mainland",Mutton & Goat Meat,2016,3.36
"China, mainland",Mutton & Goat Meat,2017,3.43
"China, mainland",Mutton & Goat Meat,2018,3.5
"China, mainland",Mutton & Goat Meat,2019,3.59
"China, mainland",Mutton & Goat Meat,2020,3.63
"China, mainland",Mutton & Goat Meat,2021,3.86
"China, mainland",Mutton & Goat Meat,2022,3.9
"China, mainland",Mutton & Goat Meat,2023,4.02
"China, mainland",Pigmeat,2010,37.57
"China, mainland",Pigmeat,2011,36.03
"China, mainland",Pigmeat,2012,36.48
"China, mainland",Pigmeat,2013,37.01
"China, mainland",Pigmeat,2014,38.96
"China, mainland",Pigmeat,2015,39.48
"China, mainland",Pigmeat,2016,39.85
"China, mainland",Pigmeat,2017,39.45
"China, mainland",Pigmeat,2018,38.19
"China, mainland",Pigmeat,2019,36.97
"China, mainland",Pigmeat,2020,30.06
"China, mainland",Pigmeat,2021,36.42
"China, mainland",Pigmeat,2022,40.19
"China, mainland",Pigmeat,2023,42.16
"China, mainland",Poultry Meat,2010,12.15
"China, mainland",Poultry Meat,2011,12.48
"China, mainland",Poultry Meat,2012,12.75
"China, mainland",Poultry Meat,2013,13
"China, mainland",Poultry Meat,2014,12.33
"China, mainland",Poultry Meat,2015,12.03
"China, mainland",Poultry Meat,2016,12.81
"China, mainland",Poultry Meat,2017,12.71
"China, mainland",Poultry Meat,2018,14.01
"China, mainland",Poultry Meat,2019,14.83
"China, mainland",Poultry Meat,2020,16.97
"China, mainland",Poultry Meat,2021,17.04
"China, mainland",Poultry Meat,2022,17.44
"China, mainland",Poultry Meat,2023,18.71
"China, mainland","Meat, Other",2010,1.17
"China, mainland","Meat, Other",2011,1.18
"China, mainland","Meat, Other",2012,1.11
"China, mainland","Meat, Other",2013,1.15
"China, mainland","Meat, Other",2014,1.16
"China, mainland","Meat, Other",2015,1.16
"China, mainland","Meat, Other",2016,1.05
"China, mainland","Meat, Other",2017,0.83
"China, mainland","Meat, Other",2018,0.84
"China, mainland","Meat, Other",2019,0.83
"China, mainland","Meat, Other",2020,0.86
"China, mainland","Meat, Other",2021,0.86
"China, mainland","Meat, Other",2022,0.79
"China, mainland","Meat, Other",2023,0.76
"China, Taiwan Province of",Bovine Meat,2010,5.83
"China, Taiwan Province of",Bovine Meat,2011,5.77
"China, Taiwan Province of",Bovine Meat,2012,5.15
"China, Taiwan Province of",Bovine Meat,2013,5.81
"China, Taiwan Province of",Bovine Meat,2014,6.07
"China, Taiwan Province of",Bovine Meat,2015,5.93
"China, Taiwan Province of",Bovine Meat,2016,6.75
"China, Taiwan Province of",Bovine Meat,2017,6.94
"China, Taiwan Province of",Bovine Meat,2018,7.58
"China, Taiwan Province of",Bovine Meat,2019,8.04
"China, Taiwan Province of",Bovine Meat,2020,8.49
"China, Taiwan Province of",Bovine Meat,2021,8.26
"China, Taiwan Province of",Bovine Meat,2022,8.79
"China, Taiwan Province of",Bovine Meat,2023,9.02
"China, Taiwan Province of",Mutton & Goat Meat,2010,0.94
"China, Taiwan Province of",Mutton & Goat Meat,2011,0.93
"China, Taiwan Province of",Mutton & Goat Meat,2012,0.93
"China, Taiwan Province of",Mutton & Goat Meat,2013,0.94
"China, Taiwan Province of",Mutton & Goat Meat,2014,0.96
"China, Taiwan Province of",Mutton & Goat Meat,2015,0.96
"China, Taiwan Province of",Mutton & Goat Meat,2016,0.95
"China, Taiwan Province of",Mutton & Goat Meat,2017,0.93
"China, Taiwan Province of",Mutton & Goat Meat,2018,0.89
"China, Taiwan Province of",Mutton & Goat Meat,2019,0.83
"China, Taiwan Province of",Mutton & Goat Meat,2020,4.64
"China, Taiwan Province of",Mutton & Goat Meat,2021,0.81
"China, Taiwan Province of",Mutton & Goat Meat,2022,0.84
"China, Taiwan Province of",Mutton & Goat Meat,2023,1.03
"China, Taiwan Province of",Pigmeat,2010,38.58
"China, Taiwan Province of",Pigmeat,2011,39.21
"China, Taiwan Province of",Pigmeat,2012,38.69
"China, Taiwan Province of",Pigmeat,2013,38.06
"China, Taiwan Province of",Pigmeat,2014,37.48
"China, Taiwan Province of",Pigmeat,2015,39.51
"China, Taiwan Province of",Pigmeat,2016,37.9
"China, Taiwan Province of",Pigmeat,2017,38.54
"China, Taiwan Province of",Pigmeat,2018,39.27
"China, Taiwan Province of",Pigmeat,2019,38.86
"China, Taiwan Province of",Pigmeat,2020,38.6
"China, Taiwan Province of",Pigmeat,2021,38.19
"China, Taiwan Province of",Pigmeat,2022,38.95
"China, Taiwan Province of",Pigmeat,2023,39.05
"China, Taiwan Province of",Poultry Meat,2010,32.56
"China, Taiwan Province of",Poultry Meat,2011,33.76
"China, Taiwan Province of",Poultry Meat,2012,32.51
"China, Taiwan Province of",Poultry Meat,2013,30.03
"China, Taiwan Province of",Poultry Meat,2014,32.87
"China, Taiwan Province of",Poultry Meat,2015,33.7
"China, Taiwan Province of",Poultry Meat,2016,33.83
"China, Taiwan Province of",Poultry Meat,2017,33.49
"China, Taiwan Province of",Poultry Meat,2018,35.77
"China, Taiwan Province of",Poultry Meat,2019,38.98
"China, Taiwan Province of",Poultry Meat,2020,41.9
"China, Taiwan Province of",Poultry Meat,2021,39.94
"China, Taiwan Province of",Poultry Meat,2022,41.86
"China, Taiwan Province of",Poultry Meat,2023,42.32
"China, Taiwan Province of","Meat, Other",2010,0.06
"China, Taiwan Province of","Meat, Other",2011,0.08
"China, Taiwan Province of","Meat, Other",2012,0.09
"China, Taiwan Province of","Meat, Other",2013,0.09
"China, Taiwan Province of","Meat, Other",2014,0.08
"China, Taiwan Province of","Meat, Other",2015,0.09
"China, Taiwan Province of","Meat, Other",2016,0.09
"China, Taiwan Province of","Meat, Other",2017,0.08
"China, Taiwan Province of","Meat, Other",2018,0.08
"China, Taiwan Province of","Meat, Other",2019,0.09
"China, Taiwan Province of","Meat, Other",2020,0.08
"China, Taiwan Province of","Meat, Other",2021,0.07
"China, Taiwan Province of","Meat, Other",2022,0.08
"China, Taiwan Province of","Meat, Other",2023,0.07
Cyprus,Bovine Meat,2010,6.71
Cyprus,Bovine Meat,2011,6.79
Cyprus,Bovine Meat,2012,6.63
Cyprus,Bovine Meat,2013,6.24
Cyprus,Bovine Meat,2014,6.44
Cyprus,Bovine Meat,2015,6.21
Cyprus,Bovine Meat,2016,6.73
Cyprus,Bovine Meat,2017,7.07
Cyprus,Bovine Meat,2018,7.4
Cyprus,Bovine Meat,2019,7.48
Cyprus,Bovine Meat,2020,6.26
Cyprus,Bovine Meat,2021,6.54
Cyprus,Bovine Meat,2022,7.67
Cyprus,Bovine Meat,2023,8.69
Cyprus,Mutton & Goat Meat,2010,5.03
Cyprus,Mutton & Goat Meat,2011,4.99
Cyprus,Mutton & Goat Meat,2012,4.88
Cyprus,Mutton & Goat Meat,2013,4.75
Cyprus,Mutton & Goat Meat,2014,5.02
Cyprus,Mutton & Goat Meat,2015,4.59
Cyprus,Mutton & Goat Meat,2016,4.44
Cyprus,Mutton & Goat Meat,2017,4.54
Cyprus,Mutton & Goat Meat,2018,4.63
Cyprus,Mutton & Goat Meat,2019,4.75
Cyprus,Mutton & Goat Meat,2020,3.89
Cyprus,Mutton & Goat Meat,2021,3.74
Cyprus,Mutton & Goat Meat,2022,3.97
Cyprus,Mutton & Goat Meat,2023,3.71
Cyprus,Pigmeat,2010,40.53
Cyprus,Pigmeat,2011,40.75
Cyprus,Pigmeat,2012,41.1
Cyprus,Pigmeat,2013,39.27
Cyprus,Pigmeat,2014,36.7
Cyprus,Pigmeat,2015,35.74
Cyprus,Pigmeat,2016,35.94
Cyprus,Pigmeat,2017,37
Cyprus,Pigmeat,2018,36.37
Cyprus,Pigmeat,2019,37.49
Cyprus,Pigmeat,2020,35.34
Cyprus,Pigmeat,2021,35.51
Cyprus,Pigmeat,2022,32.36
Cyprus,Pigmeat,2023,33.41
Cyprus,Poultry Meat,2010,28.14
Cyprus,Poultry Meat,2011,26.18
Cyprus,Poultry Meat,2012,24.37
Cyprus,Poultry Meat,2013,23.64
Cyprus,Poultry Meat,2014,23.79
Cyprus,Poultry Meat,2015,23.49
Cyprus,Poultry Meat,2016,23.48
Cyprus,Poultry Meat,2017,23.79
Cyprus,Poultry Meat,2018,23.77
Cyprus,Poultry Meat,2019,28.97
Cyprus,Poultry Meat,2020,24.88
Cyprus,Poultry Meat,2021,26.7
Cyprus,Poultry Meat,2022,29.87
Cyprus,Poultry Meat,2023,31.8
Cyprus,"Meat, Other",2010,1.72
Cyprus,"Meat, Other",2011,1.59
Cyprus,"Meat, Other",2012,1.78
Cyprus,"Meat, Other",2013,1.36
Cyprus,"Meat, Other",2014,1.63
Cyprus,"Meat, Other",2015,1.27
Cyprus,"Meat, Other",2016,1.15
Cyprus,"Meat, Other",2017,0.96
Cyprus,"Meat, Other",2018,0.98
Cyprus,"Meat, Other",2019,0.57
Cyprus,"Meat, Other",2020,0.44
Cyprus,"Meat, Other",2021,0.5
Cyprus,"Meat, Other",2022,0.4
Cyprus,"Meat, Other",2023,0.34
Democratic People's Republic of Korea,Bovine Meat,2010,0.88
Democratic People's Republic of Korea,Bovine Meat,2011,0.88
Democratic People's Republic of Korea,Bovine Meat,2012,0.89
Democratic People's Republic of Korea,Bovine Meat,2013,0.89
Democratic People's Republic of Korea,Bovine Meat,2014,0.92
Democratic People's Republic of Korea,Bovine Meat,2015,0.92
Democratic People's Republic of Korea,Bovine Meat,2016,0.92
Democratic People's Republic of Korea,Bovine Meat,2017,0.82
Democratic People's Republic of Korea,Bovine Meat,2018,0.81
Democratic People's Republic of Korea,Mutton & Goat Meat,2010,0.63
Democratic People's Republic of Korea,Mutton & Goat Meat,2011,0.63
Democratic People's Republic of Korea,Mutton & Goat Meat,2012,0.64
Democratic People's Republic of Korea,Mutton & Goat Meat,2013,0.64
Democratic People's Republic of Korea,Mutton & Goat Meat,2014,0.64
Democratic People's Republic of Korea,Mutton & Goat Meat,2015,0.63
Democratic People's Republic of Korea,Mutton & Goat Meat,2016,0.62
Democratic People's Republic of Korea,Mutton & Goat Meat,2017,0.58
Democratic People's Republic of Korea,Mutton & Goat Meat,2018,0.57
Democratic People's Republic of Korea,Pigmeat,2010,4.56
Democratic People's Republic of Korea,Pigmeat,2011,4.58
Democratic People's Republic of Korea,Pigmeat,2012,4.63
Democratic People's Republic of Korea,Pigmeat,2013,4.72
Democratic People's Republic of Korea,Pigmeat,2014,4.56
Democratic People's Republic of Korea,Pigmeat,2015,4.67
Democratic People's Republic of Korea,Pigmeat,2016,4.96
Democratic People's Republic of Korea,Pigmeat,2017,5.04
Democratic People's Republic of Korea,Pigmeat,2018,4.99
Democratic People's Republic of Korea,Poultry Meat,2010,1.7
Democratic People's Republic of Korea,Poultry Meat,2011,1.71
Democratic People's Republic of Korea,Poultry Meat,2012,1.73
Democratic People's Republic of Korea,Poultry Meat,2013,1.74
Democratic People's Republic of Korea,Poultry Meat,2014,1.9
Democratic People's Republic of Korea,Poultry Meat,2015,1.87
Democratic People's Republic of Korea,Poultry Meat,2016,1.84
Democratic People's Republic of Korea,Poultry Meat,2017,1.66
Democratic People's Republic of Korea,Poultry Meat,2018,1.54
Democratic People's Republic of Korea,"Meat, Other",2010,5.99
Democratic People's Republic of Korea,"Meat, Other",2011,6
Democratic People's Republic of Korea,"Meat, Other",2012,6.02
Democratic People's Republic of Korea,"Meat, Other",2013,6.04
Democratic People's Republic of Korea,"Meat, Other",2014,6.01
Democratic People's Republic of Korea,"Meat, Other",2015,5.96
Democratic People's Republic of Korea,"Meat, Other",2016,6.06
Democratic People's Republic of Korea,"Meat, Other",2017,5.94
Democratic People's Republic of Korea,"Meat, Other",2018,5.9
Georgia,Bovine Meat,2010,8.33
Georgia,Bovine Meat,2011,7.66
Georgia,Bovine Meat,2012,6.67
Georgia,Bovine Meat,2013,6.63
Georgia,Bovine Meat,2014,7.91
Georgia,Bovine Meat,2015,7.56
Georgia,Bovine Meat,2016,6.75
Georgia,Bovine Meat,2017,6.91
Georgia,Bovine Meat,2018,7.6
Georgia,Bovine Meat,2019,7.34
Georgia,Bovine Meat,2020,6.52
Georgia,Bovine Meat,2021,6.29
Georgia,Bovine Meat,2022,7.18
Georgia,Bovine Meat,2023,7.66
Georgia,Mutton & Goat Meat,2010,1.13
Georgia,Mutton & Goat Meat,2011,0.77
Georgia,Mutton & Goat Meat,2012,0.78
Georgia,Mutton & Goat Meat,2013,0.8
Georgia,Mutton & Goat Meat,2014,1.35
Georgia,Mutton & Goat Meat,2015,1.32
Georgia,Mutton & Goat Meat,2016,1.06
Georgia,Mutton & Goat Meat,2017,0.56
Georgia,Mutton & Goat Meat,2018,0.66
Georgia,Mutton & Goat Meat,2019,0.82
Georgia,Mutton & Goat Meat,2020,1.29
Georgia,Mutton & Goat Meat,2021,1.08
Georgia,Mutton & Goat Meat,2022,1.32
Georgia,Mutton & Goat Meat,2023,1.29
Georgia,Pigmeat,2010,7.03
Georgia,Pigmeat,2011,7.34
Georgia,Pigmeat,2012,8.28
Georgia,Pigmeat,2013,9.48
Georgia,Pigmeat,2014,10.38
Georgia,Pigmeat,2015,9.93
Georgia,Pigmeat,2016,9.55
Georgia,Pigmeat,2017,10.15
Georgia,Pigmeat,2018,10.67
Georgia,Pigmeat,2019,10.3
Georgia,Pigmeat,2020,9.71
Georgia,Pigmeat,2021,11.22
Georgia,Pigmeat,2022,12.13
Georgia,Pigmeat,2023,16
Georgia,Poultry Meat,2010,13.04
Georgia,Poultry Meat,2011,13.64
Georgia,Poultry Meat,2012,14.31
Georgia,Poultry Meat,2013,14.64
Georgia,Poultry Meat,2014,15.16
Georgia,Poultry Meat,2015,15.53
Georgia,Poultry Meat,2016,17.11
Georgia,Poultry Meat,2017,17.71
Georgia,Poultry Meat,2018,16.38
Georgia,Poultry Meat,2019,19.19
Georgia,Poultry Meat,2020,19.16
Georgia,Poultry Meat,2021,18.34
Georgia,Poultry Meat,2022,18.94
Georgia,Poultry Meat,2023,20.29
Georgia,"Meat, Other",2010,0.09
Georgia,"Meat, Other",2011,0.11
Georgia,"Meat, Other",2012,0.13
Georgia,"Meat, Other",2013,0.11
Georgia,"Meat, Other",2014,0.11
Georgia,"Meat, Other",2015,0.22
Georgia,"Meat, Other",2016,0.1
Georgia,"Meat, Other",2017,0.14
Georgia,"Meat, Other",2018,0.16
Georgia,"Meat, Other",2019,0.99
Georgia,"Meat, Other",2020,0.61
Georgia,"Meat, Other",2021,0.41
Georgia,"Meat, Other",2022,0.13
Georgia,"Meat, Other",2023,0.18
India,Bovine Meat,2010,1.42
India,Bovine Meat,2011,1.17
India,Bovine Meat,2012,1.07
India,Bovine Meat,2013,0.84
India,Bovine Meat,2014,0.92
India,Bovine Meat,2015,0.98
India,Bovine Meat,2016,0.92
India,Bovine Meat,2017,0.85
India,Bovine Meat,2018,1.05
India,Bovine Meat,2019,1.04
India,Bovine Meat,2020,2.01
India,Bovine Meat,2021,2.24
India,Bovine Meat,2022,2.31
India,Bovine Meat,2023,2.32
India,Mutton & Goat Meat,2010,0.61
India,Mutton & Goat Meat,2011,0.6
India,Mutton & Goat Meat,2012,0.5
India,Mutton & Goat Meat,2013,0.52
India,Mutton & Goat Meat,2014,0.55
India,Mutton & Goat Meat,2015,0.56
India,Mutton & Goat Meat,2016,0.57
India,Mutton & Goat Meat,2017,0.56
India,Mutton & Goat Meat,2018,0.57
India,Mutton & Goat Meat,2019,0.58
India,Mutton & Goat Meat,2020,0.59
India,Mutton & Goat Meat,2021,0.58
India,Mutton & Goat Meat,2022,1.71
India,Mutton & Goat Meat,2023,1.89
India,Pigmeat,2010,0.3
India,Pigmeat,2011,0.27
India,Pigmeat,2012,0.25
India,Pigmeat,2013,0.26
India,Pigmeat,2014,0.28
India,Pigmeat,2015,0.29
India,Pigmeat,2016,0.29
India,Pigmeat,2017,0.28
India,Pigmeat,2018,0.27
India,Pigmeat,2019,0.26
India,Pigmeat,2020,0.23
India,Pigmeat,2021,0.23
India,Pigmeat,2022,0.26
India,Pigmeat,2023,0.26
India,Poultry Meat,2010,1.79
India,Poultry Meat,2011,1.93
India,Poultry Meat,2012,1.94
India,Poultry Meat,2013,2.09
India,Poultry Meat,2014,2.34
India,Poultry Meat,2015,2.48
India,Poultry Meat,2016,2.58
India,Poultry Meat,2017,2.79
India,Poultry Meat,2018,2.98
India,Poultry Meat,2019,3.15
India,Poultry Meat,2020,3.22
India,Poultry Meat,2021,3.31
India,Poultry Meat,2022,3.53
India,Poultry Meat,2023,3.52
India,"Meat, Other",2010,0.14
India,"Meat, Other",2011,0.14
India,"Meat, Other",2012,0.14
India,"Meat, Other",2013,0.14
India,"Meat, Other",2014,0.14
India,"Meat, Other",2015,0.14
India,"Meat, Other",2016,0.14
India,"Meat, Other",2017,0.14
India,"Meat, Other",2018,0.14
India,"Meat, Other",2019,0.14
India,"Meat, Other",2020,0.14
India,"Meat, Other",2021,0.14
India,"Meat, Other",2022,0.14
India,"Meat, Other",2023,0.14
Indonesia,Bovine Meat,2010,2.53
Indonesia,Bovine Meat,2011,2.41
Indonesia,Bovine Meat,2012,2.31
Indonesia,Bovine Meat,2013,2.41
Indonesia,Bovine Meat,2014,2.55
Indonesia,Bovine Meat,2015,2.5
Indonesia,Bovine Meat,2016,2.83
Indonesia,Bovine Meat,2017,2.67
Indonesia,Bovine Meat,2018,2.74
Indonesia,Bovine Meat,2019,2.88
Indonesia,Bovine Meat,2020,2.54
Indonesia,Bovine Meat,2021,2.84
Indonesia,Bovine Meat,2022,2.97
Indonesia,Bovine Meat,2023,3.01
Indonesia,Mutton & Goat Meat,2010,0.42
Indonesia,Mutton & Goat Meat,2011,0.42
Indonesia,Mutton & Goat Meat,2012,0.43
Indonesia,Mutton & Goat Meat,2013,0.44
Indonesia,Mutton & Goat Meat,2014,0.46
Indonesia,Mutton & Goat Meat,2015,0.47
Indonesia,Mutton & Goat Meat,2016,0.45
Indonesia,Mutton & Goat Meat,2017,0.46
Indonesia,Mutton & Goat Meat,2018,0.47
Indonesia,Mutton & Goat Meat,2019,0.53
Indonesia,Mutton & Goat Meat,2020,0.43
Indonesia,Mutton & Goat Meat,2021,0.38
Indonesia,Mutton & Goat Meat,2022,0.43
Indonesia,Mutton & Goat Meat,2023,0.41
Indonesia,Pigmeat,2010,0.86
Indonesia,Pigmeat,2011,1.38
Indonesia,Pigmeat,2012,1.39
Indonesia,Pigmeat,2013,1.41
Indonesia,Pigmeat,2014,1.53
Indonesia,Pigmeat,2015,1.52
Indonesia,Pigmeat,2016,1.32
Indonesia,Pigmeat,2017,1.19
Indonesia,Pigmeat,2018,0.8
Indonesia,Pigmeat,2019,0.87
Indonesia,Pigmeat,2020,1.03
Indonesia,Pigmeat,2021,0.91
Indonesia,Pigmeat,2022,0.97
Indonesia,Pigmeat,2023,0.56
Indonesia,Poultry Meat,2010,6.62
Indonesia,Poultry Meat,2011,6.78
Indonesia,Poultry Meat,2012,6.94
Indonesia,Poultry Meat,2013,7.1
Indonesia,Poultry Meat,2014,7.24
Indonesia,Poultry Meat,2015,7.37
Indonesia,Poultry Meat,2016,7.52
Indonesia,Poultry Meat,2017,7.66
Indonesia,Poultry Meat,2018,7.83
Indonesia,Poultry Meat,2019,14.55
Indonesia,Poultry Meat,2020,13.4
Indonesia,Poultry Meat,2021,12.63
Indonesia,Poultry Meat,2022,14.88
Indonesia,Poultry Meat,2023,15.95
Indonesia,"Meat, Other",2010,0.01
Indonesia,"Meat, Other",2011,0.01
Indonesia,"Meat, Other",2012,0.01
Indonesia,"Meat, Other",2013,0.01
Indonesia,"Meat, Other",2014,0.01
Indonesia,"Meat, Other",2015,0.01
Indonesia,"Meat, Other",2016,0.01
Indonesia,"Meat, Other",2017,0.01
Indonesia,"Meat, Other",2018,0.01
Indonesia,"Meat, Other",2019,0.01
Indonesia,"Meat, Other",2020,0.01
Indonesia,"Meat, Other",2021,0.01
Indonesia,"Meat, Other",2022,0.01
Indonesia,"Meat, Other",2023,0.01
Iran (Islamic Republic of),Bovine Meat,2010,8.08
Iran (Islamic Republic of),Bovine Meat,2011,7.31
Iran (Islamic Republic of),Bovine Meat,2012,5.93
Iran (Islamic Republic of),Bovine Meat,2013,6.01
Iran (Islamic Republic of),Bovine Meat,2014,5.82
Iran (Islamic Republic of),Bovine Meat,2015,6.52
Iran (Islamic Republic of),Bovine Meat,2016,7.05
Iran (Islamic Republic of),Bovine Meat,2017,7.71
Iran (Islamic Republic of),Bovine Meat,2018,6.8
Iran (Islamic Republic of),Bovine Meat,2019,7.34
Iran (Islamic Republic of),Bovine Meat,2020,3.37
Iran (Islamic Republic of),Bovine Meat,2021,4.37
Iran (Islamic Republic of),Bovine Meat,2022,3.87
Iran (Islamic Republic of),Bovine Meat,2023,3.23
Iran (Islamic Republic of),Mutton & Goat Meat,2010,5.09
Iran (Islamic Republic of),Mutton & Goat Meat,2011,5.09
Iran (Islamic Republic of),Mutton & Goat Meat,2012,4.8
Iran (Islamic Republic of),Mutton & Goat Meat,2013,4.68
Iran (Islamic Republic of),Mutton & Goat Meat,2014,4.93
Iran (Islamic Republic of),Mutton & Goat Meat,2015,4.22
Iran (Islamic Republic of),Mutton & Goat Meat,2016,4.55
Iran (Islamic Republic of),Mutton & Goat Meat,2017,4.58
Iran (Islamic Republic of),Mutton & Goat Meat,2018,4.03
Iran (Islamic Republic of),Mutton & Goat Meat,2019,3.24
Iran (Islamic Republic of),Mutton & Goat Meat,2020,2.13
Iran (Islamic Republic of),Mutton & Goat Meat,2021,3.12
Iran (Islamic Republic of),Mutton & Goat Meat,2022,3.3
Iran (Islamic Republic of),Mutton & Goat Meat,2023,3.1
Iran (Islamic Republic of),Pigmeat,2010,0
Iran (Islamic Republic of),Pigmeat,2011,0
Iran (Islamic Republic of),Pigmeat,2012,0
Iran (Islamic Republic of),Pigmeat,2013,0
Iran (Islamic Republic of),Pigmeat,2014,0
Iran (Islamic Republic of),Pigmeat,2015,0
Iran (Islamic Republic of),Pigmeat,2016,0
Iran (Islamic Republic of),Pigmeat,2017,0
Iran (Islamic Republic of),Pigmeat,2018,0
Iran (Islamic Republic of),Pigmeat,2019,0
Iran (Islamic Republic of),Pigmeat,2020,0
Iran (Islamic Republic of),Pigmeat,2021,0
Iran (Islamic Republic of),Pigmeat,2022,0
Iran (Islamic Republic of),Pigmeat,2023,0
Iran (Islamic Republic of),Poultry Meat,2010,21.73
Iran (Islamic Republic of),Poultry Meat,2011,23.38
Iran (Islamic Republic of),Poultry Meat,2012,23.79
Iran (Islamic Republic of),Poultry Meat,2013,24.45
Iran (Islamic Republic of),Poultry Meat,2014,25.64
Iran (Islamic Republic of),Poultry Meat,2015,25.22
Iran (Islamic Republic of),Poultry Meat,2016,26.84
Iran (Islamic Republic of),Poultry Meat,2017,25.75
Iran (Islamic Republic of),Poultry Meat,2018,25.48
Iran (Islamic Republic of),Poultry Meat,2019,24.66
Iran (Islamic Republic of),Poultry Meat,2020,27.81
Iran (Islamic Republic of),Poultry Meat,2021,25.23
Iran (Islamic Republic of),Poultry Meat,2022,24.47
Iran (Islamic Republic of),Poultry Meat,2023,23.47
Iran (Islamic Republic of),"Meat, Other",2010,0.17
Iran (Islamic Republic of),"Meat, Other",2011,0.17
Iran (Islamic Republic of),"Meat, Other",2012,0.15
Iran (Islamic Republic of),"Meat, Other",2013,0.13
Iran (Islamic Republic of),"Meat, Other",2014,0.16
Iran (Islamic Republic of),"Meat, Other",2015,0.12
Iran (Islamic Republic of),"Meat, Other",2016,0.11
Iran (Islamic Republic of),"Meat, Other",2017,0.1
Iran (Islamic Republic of),"Meat, Other",2018,0.1
Iran (Islamic Republic of),"Meat, Other",2019,0.1
Iran (Islamic Republic of),"Meat, Other",2020,0.08
Iran (Islamic Republic of),"Meat, Other",2021,0.1
Iran (Islamic Republic of),"Meat, Other",2022,0.09
Iran (Islamic Republic of),"Meat, Other",2023,0.1
Iraq,Bovine Meat,2010,3
Iraq,Bovine Meat,2011,3.29
Iraq,Bovine Meat,2012,3.38
Iraq,Bovine Meat,2013,3.29
Iraq,Bovine Meat,2014,3.45
Iraq,Bovine Meat,2015,2.91
Iraq,Bovine Meat,2016,2.9
Iraq,Bovine Meat,2017,3.38
Iraq,Bovine Meat,2018,3.43
Iraq,Bovine Meat,2019,3.61
Iraq,Bovine Meat,2020,3.19
Iraq,Bovine Meat,2021,3.58
Iraq,Bovine Meat,2022,3.72
Iraq,Bovine Meat,2023,4.44
Iraq,Mutton & Goat Meat,2010,1.85
Iraq,Mutton & Goat Meat,2011,1.6
Iraq,Mutton & Goat Meat,2012,2.01
Iraq,Mutton & Goat Meat,2013,1.93
Iraq,Mutton & Goat Meat,2014,1.83
Iraq,Mutton & Goat Meat,2015,1.75
Iraq,Mutton & Goat Meat,2016,1.72
Iraq,Mutton & Goat Meat,2017,1.71
Iraq,Mutton & Goat Meat,2018,1.66
Iraq,Mutton & Goat Meat,2019,1.63
Iraq,Mutton & Goat Meat,2020,1.57
Iraq,Mutton & Goat Meat,2021,1.52
Iraq,Mutton & Goat Meat,2022,1.48
Iraq,Mutton & Goat Meat,2023,1.59
Iraq,Pigmeat,2010,0
Iraq,Pigmeat,2011,0
Iraq,Pigmeat,2012,0
Iraq,Pigmeat,2013,0
Iraq,Pigmeat,2014,0.08
Iraq,Pigmeat,2015,0.12
Iraq,Pigmeat,2016,0.11
Iraq,Pigmeat,2017,0.22
Iraq,Pigmeat,2018,0.27
Iraq,Pigmeat,2019,0.3
Iraq,Pigmeat,2020,0.34
Iraq,Pigmeat,2021,0.4
Iraq,Pigmeat,2022,0.41
Iraq,Pigmeat,2023,0.48
Iraq,Poultry Meat,2010,11.84
Iraq,Poultry Meat,2011,16.64
Iraq,Poultry Meat,2012,15.26
Iraq,Poultry Meat,2013,16.98
Iraq,Poultry Meat,2014,5.89
Iraq,Poultry Meat,2015,13.83
Iraq,Poultry Meat,2016,15.57
Iraq,Poultry Meat,2017,17.3
Iraq,Poultry Meat,2018,16.61
Iraq,Poultry Meat,2019,17.41
Iraq,Poultry Meat,2020,16.65
Iraq,Poultry Meat,2021,13.27
Iraq,Poultry Meat,2022,16.73
Iraq,Poultry Meat,2023,17.97
Iraq,"Meat, Other",2010,0.07
Iraq,"Meat, Other",2011,0.06
Iraq,"Meat, Other",2012,0.06
Iraq,"Meat, Other",2013,0.05
Iraq,"Meat, Other",2014,0.05
Iraq,"Meat, Other",2015,0.07
Iraq,"Meat, Other",2016,0.15
Iraq,"Meat, Other",2017,0.19
Iraq,"Meat, Other",2018,0.1
Iraq,"Meat, Other",2019,0.19
Iraq,"Meat, Other",2020,0.69
Iraq,"Meat, Other",2021,0.11
Iraq,"Meat, Other",2022,0.08
Iraq,"Meat, Other",2023,0.09
Israel,Bovine Meat,2010,29.45
Israel,Bovine Meat,2011,29.84
Israel,Bovine Meat,2012,28.03
Israel,Bovine Meat,2013,29.41
Israel,Bovine Meat,2014,27.86
Israel,Bovine Meat,2015,27.88
Israel,Bovine Meat,2016,30.35
Israel,Bovine Meat,2017,31.07
Israel,Bovine Meat,2018,29.84
Israel,Bovine Meat,2019,31.5
Israel,Bovine Meat,2020,30.18
Israel,Bovine Meat,2021,33.95
Israel,Bovine Meat,2022,36.12
Israel,Bovine Meat,2023,30.06
Israel,Mutton & Goat Meat,2010,1.95
Israel,Mutton & Goat Meat,2011,1.99
Israel,Mutton & Goat Meat,2012,1.99
Israel,Mutton & Goat Meat,2013,2.01
Israel,Mutton & Goat Meat,2014,2.1
Israel,Mutton & Goat Meat,2015,1.86
Israel,Mutton & Goat Meat,2016,1.75
Israel,Mutton & Goat Meat,2017,1.82
Israel,Mutton & Goat Meat,2018,1.72
Israel,Mutton & Goat Meat,2019,1.75
Israel,Mutton & Goat Meat,2020,5.07
Israel,Mutton & Goat Meat,2021,4.94
Israel,Mutton & Goat Meat,2022,5.07
Israel,Mutton & Goat Meat,2023,4.71
Israel,Pigmeat,2010,2.55
Israel,Pigmeat,2011,2.42
Israel,Pigmeat,2012,2.07
Israel,Pigmeat,2013,2.01
Israel,Pigmeat,2014,1.71
Israel,Pigmeat,2015,1.74
Israel,Pigmeat,2016,1.71
Israel,Pigmeat,2017,1.55
Israel,Pigmeat,2018,1.38
Israel,Pigmeat,2019,1.37
Israel,Pigmeat,2020,1.47
Israel,Pigmeat,2021,1.33
Israel,Pigmeat,2022,1.15
Israel,Pigmeat,2023,1.13
Israel,Poultry Meat,2010,65.79
Israel,Poultry Meat,2011,66.01
Israel,Poultry Meat,2012,65.98
Israel,Poultry Meat,2013,66
Israel,Poultry Meat,2014,70.63
Israel,Poultry Meat,2015,73.94
Israel,Poultry Meat,2016,77.43
Israel,Poultry Meat,2017,74.72
Israel,Poultry Meat,2018,76.64
Israel,Poultry Meat,2019,69.9
Israel,Poultry Meat,2020,74.83
Israel,Poultry Meat,2021,70.08
Israel,Poultry Meat,2022,70.33
Israel,Poultry Meat,2023,72.82
Israel,"Meat, Other",2010,0.01
Israel,"Meat, Other",2011,0.01
Israel,"Meat, Other",2012,0.01
Israel,"Meat, Other",2013,0.01
Israel,"Meat, Other",2014,0.01
Israel,"Meat, Other",2015,0.01
Israel,"Meat, Other",2016,0.01
Israel,"Meat, Other",2017,0.01
Israel,"Meat, Other",2018,0.01
Israel,"Meat, Other",2019,0.01
Israel,"Meat, Other",2020,0.01
Israel,"Meat, Other",2021,0.01
Israel,"Meat, Other",2022,0.01
Israel,"Meat, Other",2023,0.01
Jordan,Bovine Meat,2010,4.75
Jordan,Bovine Meat,2011,6.63
Jordan,Bovine Meat,2012,5.79
Jordan,Bovine Meat,2013,5.85
Jordan,Bovine Meat,2014,4.44
Jordan,Bovine Meat,2015,5.76
Jordan,Bovine Meat,2016,6.38
Jordan,Bovine Meat,2017,6.55
Jordan,Bovine Meat,2018,6.57
Jordan,Bovine Meat,2019,7.59
Jordan,Bovine Meat,2020,7.4
Jordan,Bovine Meat,2021,7.84
Jordan,Bovine Meat,2022,6.84
Jordan,Bovine Meat,2023,7.11
Jordan,Mutton & Goat Meat,2010,4.51
Jordan,Mutton & Goat Meat,2011,4.37
Jordan,Mutton & Goat Meat,2012,6.49
Jordan,Mutton & Goat Meat,2013,5.17
Jordan,Mutton & Goat Meat,2014,4.96
Jordan,Mutton & Goat Meat,2015,5.06
Jordan,Mutton & Goat Meat,2016,4.87
Jordan,Mutton & Goat Meat,2017,4.56
Jordan,Mutton & Goat Meat,2018,5.68
Jordan,Mutton & Goat Meat,2019,4.47
Jordan,Mutton & Goat Meat,2020,4.45
Jordan,Mutton & Goat Meat,2021,4.39
Jordan,Mutton & Goat Meat,2022,4.39
Jordan,Mutton & Goat Meat,2023,4.75
Jordan,Pigmeat,2010,0.02
Jordan,Pigmeat,2011,0.02
Jordan,Pigmeat,2012,0.02
Jordan,Pigmeat,2013,0.01
Jordan,Pigmeat,2014,0.01
Jordan,Pigmeat,2015,0.01
Jordan,Pigmeat,2016,0.01
Jordan,Pigmeat,2017,0.01
Jordan,Pigmeat,2018,0.01
Jordan,Pigmeat,2019,0.01
Jordan,Pigmeat,2020,0.01
Jordan,Pigmeat,2021,0.01
Jordan,Pigmeat,2022,0.01
Jordan,Pigmeat,2023,0.01
Jordan,Poultry Meat,2010,29.71
Jordan,Poultry Meat,2011,30.29
Jordan,Poultry Meat,2012,30.79
Jordan,Poultry Meat,2013,30.41
Jordan,Poultry Meat,2014,29.13
Jordan,Poultry Meat,2015,26.27
Jordan,Poultry Meat,2016,24.8
Jordan,Poultry Meat,2017,24.17
Jordan,Poultry Meat,2018,25.61
Jordan,Poultry Meat,2019,22.02
Jordan,Poultry Meat,2020,24.52
Jordan,Poultry Meat,2021,28.49
Jordan,Poultry Meat,2022,26.61
Jordan,Poultry Meat,2023,23.14
Jordan,"Meat, Other",2010,0.09
Jordan,"Meat, Other",2011,0.08
Jordan,"Meat, Other",2012,0.05
Jordan,"Meat, Other",2013,0.08
Jordan,"Meat, Other",2014,0.08
Jordan,"Meat, Other",2015,0.08
Jordan,"Meat, Other",2016,0.11
Jordan,"Meat, Other",2017,0.08
Jordan,"Meat, Other",2018,0.09
Jordan,"Meat, Other",2019,0.09
Jordan,"Meat, Other",2020,0.09
Jordan,"Meat, Other",2021,0.1
Jordan,"Meat, Other",2022,0.09
Jordan,"Meat, Other",2023,0.08
Kazakhstan,Bovine Meat,2010,16.57
Kazakhstan,Bovine Meat,2011,15.88
Kazakhstan,Bovine Meat,2012,15.71
Kazakhstan,Bovine Meat,2013,16.16
Kazakhstan,Bovine Meat,2014,16.3
Kazakhstan,Bovine Meat,2015,16.45
Kazakhstan,Bovine Meat,2016,16.27
Kazakhstan,Bovine Meat,2017,17.44
Kazakhstan,Bovine Meat,2018,17.44
Kazakhstan,Bovine Meat,2019,19.59
Kazakhstan,Bovine Meat,2020,19.73
Kazakhstan,Bovine Meat,2021,20
Kazakhstan,Bovine Meat,2022,17.88
Kazakhstan,Bovine Meat,2023,18.78
Kazakhstan,Mutton & Goat Meat,2010,8.57
Kazakhstan,Mutton & Goat Meat,2011,8.77
Kazakhstan,Mutton & Goat Meat,2012,8.87
Kazakhstan,Mutton & Goat Meat,2013,9
Kazakhstan,Mutton & Goat Meat,2014,9.08
Kazakhstan,Mutton & Goat Meat,2015,9.07
Kazakhstan,Mutton & Goat Meat,2016,9.05
Kazakhstan,Mutton & Goat Meat,2017,8.98
Kazakhstan,Mutton & Goat Meat,2018,8.95
Kazakhstan,Mutton & Goat Meat,2019,8.96
Kazakhstan,Mutton & Goat Meat,2020,8.79
Kazakhstan,Mutton & Goat Meat,2021,8.82
Kazakhstan,Mutton & Goat Meat,2022,7.05
Kazakhstan,Mutton & Goat Meat,2023,7.18
Kazakhstan,Pigmeat,2010,7.77
Kazakhstan,Pigmeat,2011,10.08
Kazakhstan,Pigmeat,2012,9.98
Kazakhstan,Pigmeat,2013,9.69
Kazakhstan,Pigmeat,2014,8.74
Kazakhstan,Pigmeat,2015,8
Kazakhstan,Pigmeat,2016,7.57
Kazakhstan,Pigmeat,2017,7.34
Kazakhstan,Pigmeat,2018,7.08
Kazakhstan,Pigmeat,2019,7.31
Kazakhstan,Pigmeat,2020,7.92
Kazakhstan,Pigmeat,2021,8.5
Kazakhstan,Pigmeat,2022,6.68
Kazakhstan,Pigmeat,2023,6.7
Kazakhstan,Poultry Meat,2010,13.44
Kazakhstan,Poultry Meat,2011,15.28
Kazakhstan,Poultry Meat,2012,18.17
Kazakhstan,Poultry Meat,2013,16.98
Kazakhstan,Poultry Meat,2014,15.82
Kazakhstan,Poultry Meat,2015,16.21
Kazakhstan,Poultry Meat,2016,16.54
Kazakhstan,Poultry Meat,2017,18.16
Kazakhstan,Poultry Meat,2018,19.65
Kazakhstan,Poultry Meat,2019,20
Kazakhstan,Poultry Meat,2020,21.16
Kazakhstan,Poultry Meat,2021,21.81
Kazakhstan,Poultry Meat,2022,22.23
Kazakhstan,Poultry Meat,2023,23.39
Kazakhstan,"Meat, Other",2010,5.27
Kazakhstan,"Meat, Other",2011,5.43
Kazakhstan,"Meat, Other",2012,5.55
Kazakhstan,"Meat, Other",2013,5.62
Kazakhstan,"Meat, Other",2014,5.36
Kazakhstan,"Meat, Other",2015,5.27
Kazakhstan,"Meat, Other",2016,5.56
Kazakhstan,"Meat, Other",2017,5.53
Kazakhstan,"Meat, Other",2018,5.59
Kazakhstan,"Meat, Other",2019,6.09
Kazakhstan,"Meat, Other",2020,6.3
Kazakhstan,"Meat, Other",2021,6.59
Kazakhstan,"Meat, Other",2022,8.47
Kazakhstan,"Meat, Other",2023,8.84
Kuwait,Bovine Meat,2010,10.47
Kuwait,Bovine Meat,2011,10.14
Kuwait,Bovine Meat,2012,9.16
Kuwait,Bovine Meat,2013,12.64
Kuwait,Bovine Meat,2014,11.78
Kuwait,Bovine Meat,2015,12.1
Kuwait,Bovine Meat,2016,9.59
Kuwait,Bovine Meat,2017,9.6
Kuwait,Bovine Meat,2018,9.49
Kuwait,Bovine Meat,2019,11.63
Kuwait,Bovine Meat,2020,11.59
Kuwait,Bovine Meat,2021,12.33
Kuwait,Bovine Meat,2022,11.96
Kuwait,Bovine Meat,2023,9.49
Kuwait,Mutton & Goat Meat,2010,14.4
Kuwait,Mutton & Goat Meat,2011,14.37
Kuwait,Mutton & Goat Meat,2012,14.32
Kuwait,Mutton & Goat Meat,2013,13.85
Kuwait,Mutton & Goat Meat,2014,13.59
Kuwait,Mutton & Goat Meat,2015,13.36
Kuwait,Mutton & Goat Meat,2016,13.15
Kuwait,Mutton & Goat Meat,2017,12.6
Kuwait,Mutton & Goat Meat,2018,12.18
Kuwait,Mutton & Goat Meat,2019,12.95
Kuwait,Mutton & Goat Meat,2020,13.15
Kuwait,Mutton & Goat Meat,2021,13.69
Kuwait,Mutton & Goat Meat,2022,13.87
Kuwait,Mutton & Goat Meat,2023,14.26
Kuwait,Pigmeat,2019,0.31
Kuwait,Pigmeat,2020,0
Kuwait,Pigmeat,2021,0
Kuwait,Poultry Meat,2010,71
Kuwait,Poultry Meat,2011,67.51
Kuwait,Poultry Meat,2012,58.86
Kuwait,Poultry Meat,2013,53.21
Kuwait,Poultry Meat,2014,46.76
Kuwait,Poultry Meat,2015,47.07
Kuwait,Poultry Meat,2016,46.21
Kuwait,Poultry Meat,2017,45.24
Kuwait,Poultry Meat,2018,46.44
Kuwait,Poultry Meat,2019,45.74
Kuwait,Poultry Meat,2020,45.28
Kuwait,Poultry Meat,2021,45.19
Kuwait,Poultry Meat,2022,40.53
Kuwait,Poultry Meat,2023,36.81
Kuwait,"Meat, Other",2010,0.55
Kuwait,"Meat, Other",2011,0.7
Kuwait,"Meat, Other",2012,0.59
Kuwait,"Meat, Other",2013,0.54
Kuwait,"Meat, Other",2014,0.64
Kuwait,"Meat, Other",2015,0.57
Kuwait,"Meat, Other",2016,0.44
Kuwait,"Meat, Other",2017,0.54
Kuwait,"Meat, Other",2018,1.38
Kuwait,"Meat, Other",2019,2.42
Kuwait,"Meat, Other",2020,2.26
Kuwait,"Meat, Other",2021,2.45
Kuwait,"Meat, Other",2022,2.09
Kuwait,"Meat, Other",2023,1.98
Kyrgyzstan,Bovine Meat,2010,13.84
Kyrgyzstan,Bovine Meat,2011,14.25
Kyrgyzstan,Bovine Meat,2012,14.33
Kyrgyzstan,Bovine Meat,2013,14.6
Kyrgyzstan,Bovine Meat,2014,15.43
Kyrgyzstan,Bovine Meat,2015,14.49
Kyrgyzstan,Bovine Meat,2016,14.55
Kyrgyzstan,Bovine Meat,2017,14.07
Kyrgyzstan,Bovine Meat,2018,14.67
Kyrgyzstan,Bovine Meat,2019,15.17
Kyrgyzstan,Bovine Meat,2020,15.15
Kyrgyzstan,Bovine Meat,2021,15.32
Kyrgyzstan,Bovine Meat,2022,15.77
Kyrgyzstan,Bovine Meat,2023,16.19
Kyrgyzstan,Mutton & Goat Meat,2010,8.74
Kyrgyzstan,Mutton & Goat Meat,2011,8.62
Kyrgyzstan,Mutton & Goat Meat,2012,8.49
Kyrgyzstan,Mutton & Goat Meat,2013,8.41
Kyrgyzstan,Mutton & Goat Meat,2014,8.48
Kyrgyzstan,Mutton & Goat Meat,2015,8.54
Kyrgyzstan,Mutton & Goat Meat,2016,8.6
Kyrgyzstan,Mutton & Goat Meat,2017,8.67
Kyrgyzstan,Mutton & Goat Meat,2018,8.7
Kyrgyzstan,Mutton & Goat Meat,2019,8.66
Kyrgyzstan,Mutton & Goat Meat,2020,8.7
Kyrgyzstan,Mutton & Goat Meat,2021,9.55
Kyrgyzstan,Mutton & Goat Meat,2022,9.53
Kyrgyzstan,Mutton & Goat Meat,2023,9.59
Kyrgyzstan,Pigmeat,2010,5.36
Kyrgyzstan,Pigmeat,2011,4.79
Kyrgyzstan,Pigmeat,2012,4.82
Kyrgyzstan,Pigmeat,2013,4.29
Kyrgyzstan,Pigmeat,2014,5.77
Kyrgyzstan,Pigmeat,2015,3.12
Kyrgyzstan,Pigmeat,2016,2.81
Kyrgyzstan,Pigmeat,2017,2.74
Kyrgyzstan,Pigmeat,2018,2.67
Kyrgyzstan,Pigmeat,2019,2.25
Kyrgyzstan,Pigmeat,2020,2.09
Kyrgyzstan,Pigmeat,2021,2.04
Kyrgyzstan,Pigmeat,2022,1.42
Kyrgyzstan,Pigmeat,2023,1.18
Kyrgyzstan,Poultry Meat,2010,10.72
Kyrgyzstan,Poultry Meat,2011,8.34
Kyrgyzstan,Poultry Meat,2012,7.13
Kyrgyzstan,Poultry Meat,2013,5.64
Kyrgyzstan,Poultry Meat,2014,3.63
Kyrgyzstan,Poultry Meat,2015,3.69
Kyrgyzstan,Poultry Meat,2016,4.27
Kyrgyzstan,Poultry Meat,2017,3.12
Kyrgyzstan,Poultry Meat,2018,5.89
Kyrgyzstan,Poultry Meat,2019,5.75
Kyrgyzstan,Poultry Meat,2020,5.59
Kyrgyzstan,Poultry Meat,2021,7.51
Kyrgyzstan,Poultry Meat,2022,7.94
Kyrgyzstan,Poultry Meat,2023,8.73
Kyrgyzstan,"Meat, Other",2010,1.43
Kyrgyzstan,"Meat, Other",2011,1.45
Kyrgyzstan,"Meat, Other",2012,1.45
Kyrgyzstan,"Meat, Other",2013,1.47
Kyrgyzstan,"Meat, Other",2014,1.49
Kyrgyzstan,"Meat, Other",2015,1.48
Kyrgyzstan,"Meat, Other",2016,1.49
Kyrgyzstan,"Meat, Other",2017,1.51
Kyrgyzstan,"Meat, Other",2018,1.5
Kyrgyzstan,"Meat, Other",2019,1.55
Kyrgyzstan,"Meat, Other",2020,1.46
Kyrgyzstan,"Meat, Other",2021,3.3
Kyrgyzstan,"Meat, Other",2022,3.7
Kyrgyzstan,"Meat, Other",2023,4.27
Lao People's Democratic Republic,Bovine Meat,2010,7.12
Lao People's Democratic Republic,Bovine Meat,2011,7.22
Lao People's Democratic Republic,Bovine Meat,2012,7.5
Lao People's Democratic Republic,Bovine Meat,2013,7.44
Lao People's Democratic Republic,Bovine Meat,2014,9.47
Lao People's Democratic Republic,Bovine Meat,2015,8.4
Lao People's Democratic Republic,Bovine Meat,2016,7.74
Lao People's Democratic Republic,Bovine Meat,2017,7.68
Lao People's Democratic Republic,Bovine Meat,2018,7.76
Lao People's Democratic Republic,Bovine Meat,2019,8.1
Lao People's Democratic Republic,Bovine Meat,2020,8.55
Lao People's Democratic Republic,Bovine Meat,2021,8.87
Lao People's Democratic Republic,Bovine Meat,2022,8.99
Lao People's Democratic Republic,Bovine Meat,2023,9.31
Lao People's Democratic Republic,Mutton & Goat Meat,2010,0.22
Lao People's Democratic Republic,Mutton & Goat Meat,2011,0.26
Lao People's Democratic Republic,Mutton & Goat Meat,2012,0.26
Lao People's Democratic Republic,Mutton & Goat Meat,2013,0.27
Lao People's Democratic Republic,Mutton & Goat Meat,2014,0.29
Lao People's Democratic Republic,Mutton & Goat Meat,2015,0.31
Lao People's Democratic Republic,Mutton & Goat Meat,2016,0.32
Lao People's Democratic Republic,Mutton & Goat Meat,2017,0.33
Lao People's Democratic Republic,Mutton & Goat Meat,2018,0.34
Lao People's Democratic Republic,Mutton & Goat Meat,2019,0.35
Lao People's Democratic Republic,Mutton & Goat Meat,2020,0.37
Lao People's Democratic Republic,Mutton & Goat Meat,2021,0.38
Lao People's Democratic Republic,Mutton & Goat Meat,2022,0.4
Lao People's Democratic Republic,Mutton & Goat Meat,2023,0.42
Lao People's Democratic Republic,Pigmeat,2010,8.96
Lao People's Democratic Republic,Pigmeat,2011,8.61
Lao People's Democratic Republic,Pigmeat,2012,9.13
Lao People's Democratic Republic,Pigmeat,2013,9.38
Lao People's Democratic Republic,Pigmeat,2014,10.84
Lao People's Democratic Republic,Pigmeat,2015,11.19
Lao People's Democratic Republic,Pigmeat,2016,12.33
Lao People's Democratic Republic,Pigmeat,2017,12.66
Lao People's Democratic Republic,Pigmeat,2018,12.27
Lao People's Democratic Republic,Pigmeat,2019,13.05
Lao People's Democratic Republic,Pigmeat,2020,13.57
Lao People's Democratic Republic,Pigmeat,2021,13.68
Lao People's Democratic Republic,Pigmeat,2022,13.55
Lao People's Democratic Republic,Pigmeat,2023,13.64
Lao People's Democratic Republic,Poultry Meat,2010,3.7
Lao People's Democratic Republic,Poultry Meat,2011,3.6
Lao People's Democratic Republic,Poultry Meat,2012,3.88
Lao People's Democratic Republic,Poultry Meat,2013,4.11
Lao People's Democratic Republic,Poultry Meat,2014,4.64
Lao People's Democratic Republic,Poultry Meat,2015,4.71
Lao People's Democratic Republic,Poultry Meat,2016,5.2
Lao People's Democratic Republic,Poultry Meat,2017,5.37
Lao People's Democratic Republic,Poultry Meat,2018,5.51
Lao People's Democratic Republic,Poultry Meat,2019,5.78
Lao People's Democratic Republic,Poultry Meat,2020,6.1
Lao People's Democratic Republic,Poultry Meat,2021,6.17
Lao People's Democratic Republic,Poultry Meat,2022,6.51
Lao People's Democratic Republic,Poultry Meat,2023,7.41
Lao People's Democratic Republic,"Meat, Other",2010,0
Lao People's Democratic Republic,"Meat, Other",2011,0
Lao People's Democratic Republic,"Meat, Other",2012,0
Lao People's Democratic Republic,"Meat, Other",2013,0
Lao People's Democratic Republic,"Meat, Other",2014,0.02
Lao People's Democratic Republic,"Meat, Other",2015,0
Lao People's Democratic Republic,"Meat, Other",2016,0
Lao People's Democratic Republic,"Meat, Other",2017,0
Lao People's Democratic Republic,"Meat, Other",2018,0
Lao People's Democratic Republic,"Meat, Other",2019,0.02
Lao People's Democratic Republic,"Meat, Other",2020,0.05
Lao People's Democratic Republic,"Meat, Other",2021,0.06
Lao People's Democratic Republic,"Meat, Other",2022,0.31
Lao People's Democratic Republic,"Meat, Other",2023,0.29
Lebanon,Bovine Meat,2010,19.16
Lebanon,Bovine Meat,2011,17.04
Lebanon,Bovine Meat,2012,14.35
Lebanon,Bovine Meat,2013,14.38
Lebanon,Bovine Meat,2014,12.64
Lebanon,Bovine Meat,2015,12.4
Lebanon,Bovine Meat,2016,11.87
Lebanon,Bovine Meat,2017,13.19
Lebanon,Bovine Meat,2018,14.92
Lebanon,Bovine Meat,2019,14.61
Lebanon,Bovine Meat,2020,12.69
Lebanon,Bovine Meat,2021,12.37
Lebanon,Bovine Meat,2022,13.7
Lebanon,Bovine Meat,2023,13.99
Lebanon,Mutton & Goat Meat,2010,2.84
Lebanon,Mutton & Goat Meat,2011,2.53
Lebanon,Mutton & Goat Meat,2012,2.09
Lebanon,Mutton & Goat Meat,2013,2.01
Lebanon,Mutton & Goat Meat,2014,1.8
Lebanon,Mutton & Goat Meat,2015,1.6
Lebanon,Mutton & Goat Meat,2016,1.38
Lebanon,Mutton & Goat Meat,2017,1.3
Lebanon,Mutton & Goat Meat,2018,1.45
Lebanon,Mutton & Goat Meat,2019,1.62
Lebanon,Mutton & Goat Meat,2020,1.42
Lebanon,Mutton & Goat Meat,2021,1.37
Lebanon,Mutton & Goat Meat,2022,1.38
Lebanon,Mutton & Goat Meat,2023,0.76
Lebanon,Pigmeat,2010,1.51
Lebanon,Pigmeat,2011,1.42
Lebanon,Pigmeat,2012,1.39
Lebanon,Pigmeat,2013,1.2
Lebanon,Pigmeat,2014,1.09
Lebanon,Pigmeat,2015,1.04
Lebanon,Pigmeat,2016,1.11
Lebanon,Pigmeat,2017,1.18
Lebanon,Pigmeat,2018,1.24
Lebanon,Pigmeat,2019,1.16
Lebanon,Pigmeat,2020,0.71
Lebanon,Pigmeat,2021,0.64
Lebanon,Pigmeat,2022,0.92
Lebanon,Pigmeat,2023,0.97
Lebanon,Poultry Meat,2010,17.65
Lebanon,Poultry Meat,2011,19.29
Lebanon,Poultry Meat,2012,20.85
Lebanon,Poultry Meat,2013,16.59
Lebanon,Poultry Meat,2014,16.72
Lebanon,Poultry Meat,2015,18.3
Lebanon,Poultry Meat,2016,21.66
Lebanon,Poultry Meat,2017,22.82
Lebanon,Poultry Meat,2018,23.73
Lebanon,Poultry Meat,2019,21.82
Lebanon,Poultry Meat,2020,20.61
Lebanon,Poultry Meat,2021,23.46
Lebanon,Poultry Meat,2022,21.22
Lebanon,Poultry Meat,2023,22.47
Lebanon,"Meat, Other",2010,0.03
Lebanon,"Meat, Other",2011,0.02
Lebanon,"Meat, Other",2012,0
Lebanon,"Meat, Other",2013,0
Lebanon,"Meat, Other",2014,0.01
Lebanon,"Meat, Other",2015,0.01
Lebanon,"Meat, Other",2016,0.02
Lebanon,"Meat, Other",2017,0.01
Lebanon,"Meat, Other",2018,0.02
Lebanon,"Meat, Other",2019,0.01
Lebanon,"Meat, Other",2020,0
Lebanon,"Meat, Other",2021,0
Lebanon,"Meat, Other",2022,0.01
Lebanon,"Meat, Other",2023,0.01
Malaysia,Bovine Meat,2010,6.65
Malaysia,Bovine Meat,2011,7.11
Malaysia,Bovine Meat,2012,7.29
Malaysia,Bovine Meat,2013,7.88
Malaysia,Bovine Meat,2014,7.89
Malaysia,Bovine Meat,2015,8.56
Malaysia,Bovine Meat,2016,7.98
Malaysia,Bovine Meat,2017,7.55
Malaysia,Bovine Meat,2018,7.65
Malaysia,Bovine Meat,2019,7.24
Malaysia,Bovine Meat,2020,7.46
Malaysia,Bovine Meat,2021,7.1
Malaysia,Bovine Meat,2022,8.76
Malaysia,Bovine Meat,2023,8.75
Malaysia,Mutton & Goat Meat,2010,0.85
Malaysia,Mutton & Goat Meat,2011,0.72
Malaysia,Mutton & Goat Meat,2012,0.85
Malaysia,Mutton & Goat Meat,2013,1
Malaysia,Mutton & Goat Meat,2014,1.17
Malaysia,Mutton & Goat Meat,2015,1.23
Malaysia,Mutton & Goat Meat,2016,1.21
Malaysia,Mutton & Goat Meat,2017,1.33
Malaysia,Mutton & Goat Meat,2018,1.23
Malaysia,Mutton & Goat Meat,2019,1.06
Malaysia,Mutton & Goat Meat,2020,1.23
Malaysia,Mutton & Goat Meat,2021,0.96
Malaysia,Mutton & Goat Meat,2022,1.35
Malaysia,Mutton & Goat Meat,2023,1.17
Malaysia,Pigmeat,2010,8.7
Malaysia,Pigmeat,2011,7.9
Malaysia,Pigmeat,2012,7.64
Malaysia,Pigmeat,2013,7.6
Malaysia,Pigmeat,2014,7.61
Malaysia,Pigmeat,2015,7.88
Malaysia,Pigmeat,2016,7.04
Malaysia,Pigmeat,2017,7.6
Malaysia,Pigmeat,2018,7.81
Malaysia,Pigmeat,2019,7.45
Malaysia,Pigmeat,2020,7.09
Malaysia,Pigmeat,2021,6.46
Malaysia,Pigmeat,2022,6.86
Malaysia,Pigmeat,2023,7.24
Malaysia,Poultry Meat,2010,44.8
Malaysia,Poultry Meat,2011,45.56
Malaysia,Poultry Meat,2012,47.11
Malaysia,Poultry Meat,2013,48.94
Malaysia,Poultry Meat,2014,51.98
Malaysia,Poultry Meat,2015,53.06
Malaysia,Poultry Meat,2016,56.22
Malaysia,Poultry Meat,2017,52.26
Malaysia,Poultry Meat,2018,51.05
Malaysia,Poultry Meat,2019,50.33
Malaysia,Poultry Meat,2020,51.09
Malaysia,Poultry Meat,2021,49.44
Malaysia,Poultry Meat,2022,49.98
Malaysia,Poultry Meat,2023,51.9
Malaysia,"Meat, Other",2010,0.01
Malaysia,"Meat, Other",2011,0.01
Malaysia,"Meat, Other",2012,0.01
Malaysia,"Meat, Other",2013,0.01
Malaysia,"Meat, Other",2014,0.01
Malaysia,"Meat, Other",2015,0.01
Malaysia,"Meat, Other",2016,0.01
Malaysia,"Meat, Other",2017,0.01
Malaysia,"Meat, Other",2018,0.01
Malaysia,"Meat, Other",2019,0.02
Malaysia,"Meat, Other",2020,0.02
Malaysia,"Meat, Other",2021,0.01
Malaysia,"Meat, Other",2022,0.01
Malaysia,"Meat, Other",2023,0.02
Maldives,Bovine Meat,2010,6.12
Maldives,Bovine Meat,2011,7.04
Maldives,Bovine Meat,2012,7.06
Maldives,Bovine Meat,2013,8.62
Maldives,Bovine Meat,2014,7.42
Maldives,Bovine Meat,2015,10.58
Maldives,Bovine Meat,2016,8.86
Maldives,Bovine Meat,2017,8.58
Maldives,Bovine Meat,2018,10.12
Maldives,Bovine Meat,2019,9.73
Maldives,Bovine Meat,2020,7.89
Maldives,Bovine Meat,2021,11.84
Maldives,Bovine Meat,2022,14.8
Maldives,Bovine Meat,2023,9.06
Maldives,Mutton & Goat Meat,2010,0.64
Maldives,Mutton & Goat Meat,2011,0.66
Maldives,Mutton & Goat Meat,2012,0.66
Maldives,Mutton & Goat Meat,2013,0.67
Maldives,Mutton & Goat Meat,2014,0.74
Maldives,Mutton & Goat Meat,2015,0.94
Maldives,Mutton & Goat Meat,2016,3.12
Maldives,Mutton & Goat Meat,2017,1.58
Maldives,Mutton & Goat Meat,2018,1.22
Maldives,Mutton & Goat Meat,2019,1.15
Maldives,Mutton & Goat Meat,2020,0.74
Maldives,Mutton & Goat Meat,2021,1.32
Maldives,Mutton & Goat Meat,2022,1.77
Maldives,Mutton & Goat Meat,2023,2.04
Maldives,Pigmeat,2010,0.91
Maldives,Pigmeat,2011,0.96
Maldives,Pigmeat,2012,0.97
Maldives,Pigmeat,2013,0.92
Maldives,Pigmeat,2014,1.01
Maldives,Pigmeat,2015,0.9
Maldives,Pigmeat,2016,0.94
Maldives,Pigmeat,2017,1.03
Maldives,Pigmeat,2018,1
Maldives,Pigmeat,2019,1.18
Maldives,Pigmeat,2020,0.45
Maldives,Pigmeat,2021,0.7
Maldives,Pigmeat,2022,0.83
Maldives,Pigmeat,2023,0.82
Maldives,Poultry Meat,2010,12.7
Maldives,Poultry Meat,2011,13.07
Maldives,Poultry Meat,2012,13.07
Maldives,Poultry Meat,2013,13.62
Maldives,Poultry Meat,2014,13.95
Maldives,Poultry Meat,2015,15.01
Maldives,Poultry Meat,2016,17.01
Maldives,Poultry Meat,2017,15.71
Maldives,Poultry Meat,2018,16.01
Maldives,Poultry Meat,2019,16.03
Maldives,Poultry Meat,2020,14.97
Maldives,Poultry Meat,2021,18.16
Maldives,Poultry Meat,2022,20.44
Maldives,Poultry Meat,2023,17.5
Maldives,"Meat, Other",2010,0.18
Maldives,"Meat, Other",2011,0.11
Maldives,"Meat, Other",2012,0.11
Maldives,"Meat, Other",2013,0.13
Maldives,"Meat, Other",2014,0.15
Maldives,"Meat, Other",2015,0.13
Maldives,"Meat, Other",2016,0.24
Maldives,"Meat, Other",2017,0.18
Maldives,"Meat, Other",2018,0.16
Maldives,"Meat, Other",2019,0.19
Maldives,"Meat, Other",2020,0.16
Maldives,"Meat, Other",2021,1.73
Maldives,"Meat, Other",2022,0.19
Maldives,"Meat, Other",2023,0.2
Mongolia,Bovine Meat,2010,14.8
Mongolia,Bovine Meat,2011,16.99
Mongolia,Bovine Meat,2012,19.24
Mongolia,Bovine Meat,2013,18.25
Mongolia,Bovine Meat,2014,16.96
Mongolia,Bovine Meat,2015,19.56
Mongolia,Bovine Meat,2016,23.2
Mongolia,Bovine Meat,2017,21.85
Mongolia,Bovine Meat,2018,24.76
Mongolia,Bovine Meat,2019,24.73
Mongolia,Bovine Meat,2020,29.56
Mongolia,Bovine Meat,2021,30.71
Mongolia,Bovine Meat,2022,29.79
Mongolia,Bovine Meat,2023,33.28
Mongolia,Mutton & Goat Meat,2010,46.48
Mongolia,Mutton & Goat Meat,2011,41.53
Mongolia,Mutton & Goat Meat,2012,39.88
Mongolia,Mutton & Goat Meat,2013,48.94
Mongolia,Mutton & Goat Meat,2014,45.23
Mongolia,Mutton & Goat Meat,2015,55.1
Mongolia,Mutton & Goat Meat,2016,49.18
Mongolia,Mutton & Goat Meat,2017,53.55
Mongolia,Mutton & Goat Meat,2018,51.43
Mongolia,Mutton & Goat Meat,2019,64.34
Mongolia,Mutton & Goat Meat,2020,66.98
Mongolia,Mutton & Goat Meat,2021,65.09
Mongolia,Mutton & Goat Meat,2022,67.04
Mongolia,Mutton & Goat Meat,2023,69.4
Mongolia,Pigmeat,2010,0.19
Mongolia,Pigmeat,2011,0.17
Mongolia,Pigmeat,2012,0.24
Mongolia,Pigmeat,2013,0.44
Mongolia,Pigmeat,2014,0.45
Mongolia,Pigmeat,2015,0.29
Mongolia,Pigmeat,2016,0.3
Mongolia,Pigmeat,2017,0.38
Mongolia,Pigmeat,2018,1.13
Mongolia,Pigmeat,2019,1.02
Mongolia,Pigmeat,2020,1.34
Mongolia,Pigmeat,2021,2.92
Mongolia,Pigmeat,2022,2.83
Mongolia,Pigmeat,2023,2.2
Mongolia,Poultry Meat,2010,1.78
Mongolia,Poultry Meat,2011,2.09
Mongolia,Poultry Meat,2012,2.29
Mongolia,Poultry Meat,2013,2.54
Mongolia,Poultry Meat,2014,2.69
Mongolia,Poultry Meat,2015,2.72
Mongolia,Poultry Meat,2016,2.73
Mongolia,Poultry Meat,2017,2.79
Mongolia,Poultry Meat,2018,3.85
Mongolia,Poultry Meat,2019,4.35
Mongolia,Poultry Meat,2020,4.36
Mongolia,Poultry Meat,2021,6.13
Mongolia,Poultry Meat,2022,7.13
Mongolia,Poultry Meat,2023,7.65
Mongolia,"Meat, Other",2010,4.92
Mongolia,"Meat, Other",2011,8.32
Mongolia,"Meat, Other",2012,13
Mongolia,"Meat, Other",2013,11.93
Mongolia,"Meat, Other",2014,12.02
Mongolia,"Meat, Other",2015,12.03
Mongolia,"Meat, Other",2016,11.91
Mongolia,"Meat, Other",2017,12.14
Mongolia,"Meat, Other",2018,10.97
Mongolia,"Meat, Other",2019,16.41
Mongolia,"Meat, Other",2020,18.16
Mongolia,"Meat, Other",2021,16.89
Mongolia,"Meat, Other",2022,24.81
Mongolia,"Meat, Other",2023,23.61
Myanmar,Bovine Meat,2010,5.84
Myanmar,Bovine Meat,2011,6.1
Myanmar,Bovine Meat,2012,6.49
Myanmar,Bovine Meat,2013,6.88
Myanmar,Bovine Meat,2014,7.3
Myanmar,Bovine Meat,2015,7.87
Myanmar,Bovine Meat,2016,8.73
Myanmar,Bovine Meat,2017,8.55
Myanmar,Bovine Meat,2018,8.69
Myanmar,Bovine Meat,2019,9.17
Myanmar,Bovine Meat,2020,2.62
Myanmar,Bovine Meat,2021,2.63
Myanmar,Bovine Meat,2022,2.7
Myanmar,Bovine Meat,2023,2.65
Myanmar,Mutton & Goat Meat,2010,0.96
Myanmar,Mutton & Goat Meat,2011,1.1
Myanmar,Mutton & Goat Meat,2012,1.2
Myanmar,Mutton & Goat Meat,2013,1.32
Myanmar,Mutton & Goat Meat,2014,1.5
Myanmar,Mutton & Goat Meat,2015,1.73
Myanmar,Mutton & Goat Meat,2016,1.79
Myanmar,Mutton & Goat Meat,2017,1.78
Myanmar,Mutton & Goat Meat,2018,2.41
Myanmar,Mutton & Goat Meat,2019,1.78
Myanmar,Mutton & Goat Meat,2020,0.21
Myanmar,Mutton & Goat Meat,2021,0.22
Myanmar,Mutton & Goat Meat,2022,0.22
Myanmar,Mutton & Goat Meat,2023,0.22
Myanmar,Pigmeat,2010,11.41
Myanmar,Pigmeat,2011,11.96
Myanmar,Pigmeat,2012,12.88
Myanmar,Pigmeat,2013,14.1
Myanmar,Pigmeat,2014,15.72
Myanmar,Pigmeat,2015,16.4
Myanmar,Pigmeat,2016,16.46
Myanmar,Pigmeat,2017,16.96
Myanmar,Pigmeat,2018,19.52
Myanmar,Pigmeat,2019,20.14
Myanmar,Pigmeat,2020,5.06
Myanmar,Pigmeat,2021,5.18
Myanmar,Pigmeat,2022,5.94
Myanmar,Pigmeat,2023,5.91
Myanmar,Poultry Meat,2010,20.73
Myanmar,Poultry Meat,2011,21.31
Myanmar,Poultry Meat,2012,23.27
Myanmar,Poultry Meat,2013,25.22
Myanmar,Poultry Meat,2014,28.87
Myanmar,Poultry Meat,2015,30.92
Myanmar,Poultry Meat,2016,30.95
Myanmar,Poultry Meat,2017,32.02
Myanmar,Poultry Meat,2018,32.22
Myanmar,Poultry Meat,2019,30.01
Myanmar,Poultry Meat,2020,12.4
Myanmar,Poultry Meat,2021,12.26
Myanmar,Poultry Meat,2022,12.19
Myanmar,Poultry Meat,2023,12.09
Myanmar,"Meat, Other",2010,0.01
Myanmar,"Meat, Other",2011,0.02
Myanmar,"Meat, Other",2012,0.02
Myanmar,"Meat, Other",2013,0.02
Myanmar,"Meat, Other",2014,0
Myanmar,"Meat, Other",2015,0.01
Myanmar,"Meat, Other",2016,0
Myanmar,"Meat, Other",2017,0
Myanmar,"Meat, Other",2018,0
Myanmar,"Meat, Other",2019,0
Myanmar,"Meat, Other",2020,0
Myanmar,"Meat, Other",2021,0
Myanmar,"Meat, Other",2022,0
Myanmar,"Meat, Other",2023,0
Nepal,Bovine Meat,2010,7.76
Nepal,Bovine Meat,2011,7.84
Nepal,Bovine Meat,2012,7.83
Nepal,Bovine Meat,2013,7.94
Nepal,Bovine Meat,2014,7.79
Nepal,Bovine Meat,2015,7.9
Nepal,Bovine Meat,2016,7.82
Nepal,Bovine Meat,2017,7.94
Nepal,Bovine Meat,2018,8.17
Nepal,Bovine Meat,2019,9.9
Nepal,Bovine Meat,2020,6.54
Nepal,Bovine Meat,2021,6.39
Nepal,Bovine Meat,2022,6.53
Nepal,Bovine Meat,2023,3.92
Nepal,Mutton & Goat Meat,2010,1.92
Nepal,Mutton & Goat Meat,2011,2.02
Nepal,Mutton & Goat Meat,2012,2.06
Nepal,Mutton & Goat Meat,2013,2.11
Nepal,Mutton & Goat Meat,2014,2.23
Nepal,Mutton & Goat Meat,2015,2.28
Nepal,Mutton & Goat Meat,2016,2.44
Nepal,Mutton & Goat Meat,2017,2.51
Nepal,Mutton & Goat Meat,2018,2.62
Nepal,Mutton & Goat Meat,2019,3.11
Nepal,Mutton & Goat Meat,2020,2.68
Nepal,Mutton & Goat Meat,2021,2.5
Nepal,Mutton & Goat Meat,2022,2.6
Nepal,Mutton & Goat Meat,2023,2.66
Nepal,Pigmeat,2010,0.62
Nepal,Pigmeat,2011,0.65
Nepal,Pigmeat,2012,0.66
Nepal,Pigmeat,2013,0.67
Nepal,Pigmeat,2014,0.67
Nepal,Pigmeat,2015,0.7
Nepal,Pigmeat,2016,0.84
Nepal,Pigmeat,2017,0.88
Nepal,Pigmeat,2018,1.01
Nepal,Pigmeat,2019,1.06
Nepal,Pigmeat,2020,1.02
Nepal,Pigmeat,2021,1.07
Nepal,Pigmeat,2022,1.21
Nepal,Pigmeat,2023,1.1
Nepal,Poultry Meat,2010,0.62
Nepal,Poultry Meat,2011,1.33
Nepal,Poultry Meat,2012,1.48
Nepal,Poultry Meat,2013,1.57
Nepal,Poultry Meat,2014,1.57
Nepal,Poultry Meat,2015,1.64
Nepal,Poultry Meat,2016,1.98
Nepal,Poultry Meat,2017,2.06
Nepal,Poultry Meat,2018,2.16
Nepal,Poultry Meat,2019,2.53
Nepal,Poultry Meat,2020,8.81
Nepal,Poultry Meat,2021,7.72
Nepal,Poultry Meat,2022,6.92
Nepal,Poultry Meat,2023,6.8
Nepal,"Meat, Other",2010,0
Nepal,"Meat, Other",2011,0
Nepal,"Meat, Other",2012,0
Nepal,"Meat, Other",2013,0
Nepal,"Meat, Other",2014,0
Nepal,"Meat, Other",2015,0
Nepal,"Meat, Other",2016,0
Nepal,"Meat, Other",2017,0
Nepal,"Meat, Other",2018,0
Nepal,"Meat, Other",2019,0
Nepal,"Meat, Other",2020,0
Nepal,"Meat, Other",2021,0
Nepal,"Meat, Other",2022,0
Nepal,"Meat, Other",2023,0
Oman,Bovine Meat,2010,13.1
Oman,Bovine Meat,2011,12.54
Oman,Bovine Meat,2012,13.49
Oman,Bovine Meat,2013,14.4
Oman,Bovine Meat,2014,12.8
Oman,Bovine Meat,2015,10.41
Oman,Bovine Meat,2016,8.95
Oman,Bovine Meat,2017,9.48
Oman,Bovine Meat,2018,9.54
Oman,Bovine Meat,2019,9.13
Oman,Bovine Meat,2020,8.77
Oman,Bovine Meat,2021,11.1
Oman,Bovine Meat,2022,9.26
Oman,Bovine Meat,2023,5.69
Oman,Mutton & Goat Meat,2010,15.13
Oman,Mutton & Goat Meat,2011,14.12
Oman,Mutton & Goat Meat,2012,12.51
Oman,Mutton & Goat Meat,2013,12.13
Oman,Mutton & Goat Meat,2014,12.76
Oman,Mutton & Goat Meat,2015,12.25
Oman,Mutton & Goat Meat,2016,12.12
Oman,Mutton & Goat Meat,2017,11.98
Oman,Mutton & Goat Meat,2018,12.1
Oman,Mutton & Goat Meat,2019,12.08
Oman,Mutton & Goat Meat,2020,11.9
Oman,Mutton & Goat Meat,2021,12.75
Oman,Mutton & Goat Meat,2022,12.58
Oman,Mutton & Goat Meat,2023,11.95
Oman,Pigmeat,2010,0.01
Oman,Pigmeat,2011,0.01
Oman,Pigmeat,2012,0.01
Oman,Pigmeat,2013,0.01
Oman,Pigmeat,2014,0.01
Oman,Pigmeat,2015,0.01
Oman,Pigmeat,2016,0.01
Oman,Pigmeat,2017,0.01
Oman,Pigmeat,2018,0.15
Oman,Pigmeat,2019,0.24
Oman,Pigmeat,2020,0.05
Oman,Pigmeat,2021,0.06
Oman,Pigmeat,2022,0.48
Oman,Pigmeat,2023,1.24
Oman,Poultry Meat,2010,26.64
Oman,Poultry Meat,2011,25.58
Oman,Poultry Meat,2012,26.49
Oman,Poultry Meat,2013,26.04
Oman,Poultry Meat,2014,24.44
Oman,Poultry Meat,2015,23.02
Oman,Poultry Meat,2016,21.48
Oman,Poultry Meat,2017,22.27
Oman,Poultry Meat,2018,21.76
Oman,Poultry Meat,2019,25.54
Oman,Poultry Meat,2020,19.97
Oman,Poultry Meat,2021,22.65
Oman,Poultry Meat,2022,19.73
Oman,Poultry Meat,2023,15.06
Oman,"Meat, Other",2010,3.11
Oman,"Meat, Other",2011,2.95
Oman,"Meat, Other",2012,2.49
Oman,"Meat, Other",2013,3.52
Oman,"Meat, Other",2014,2.31
Oman,"Meat, Other",2015,2.55
Oman,"Meat, Other",2016,2.52
Oman,"Meat, Other",2017,2.5
Oman,"Meat, Other",2018,2.51
Oman,"Meat, Other",2019,3.53
Oman,"Meat, Other",2020,3.69
Oman,"Meat, Other",2021,3.84
Oman,"Meat, Other",2022,3.47
Oman,"Meat, Other",2023,3.65
Pakistan,Bovine Meat,2010,7.35
Pakistan,Bovine Meat,2011,7.43
Pakistan,Bovine Meat,2012,7.48
Pakistan,Bovine Meat,2013,7.61
Pakistan,Bovine Meat,2014,7.69
Pakistan,Bovine Meat,2015,7.78
Pakistan,Bovine Meat,2016,8
Pakistan,Bovine Meat,2017,9.1
Pakistan,Bovine Meat,2018,9.25
Pakistan,Bovine Meat,2019,9.33
Pakistan,Bovine Meat,2020,9.47
Pakistan,Bovine Meat,2021,9.63
Pakistan,Bovine Meat,2022,9.14
Pakistan,Bovine Meat,2023,9.22
Pakistan,Mutton & Goat Meat,2010,2.09
Pakistan,Mutton & Goat Meat,2011,2.09
Pakistan,Mutton & Goat Meat,2012,2.11
Pakistan,Mutton & Goat Meat,2013,2.13
Pakistan,Mutton & Goat Meat,2014,2.15
Pakistan,Mutton & Goat Meat,2015,2.17
Pakistan,Mutton & Goat Meat,2016,2.2
Pakistan,Mutton & Goat Meat,2017,3.12
Pakistan,Mutton & Goat Meat,2018,3.14
Pakistan,Mutton & Goat Meat,2019,3.14
Pakistan,Mutton & Goat Meat,2020,3.14
Pakistan,Mutton & Goat Meat,2021,3.17
Pakistan,Mutton & Goat Meat,2022,3.18
Pakistan,Mutton & Goat Meat,2023,3.18
Pakistan,Pigmeat,2010,0
Pakistan,Pigmeat,2011,0
Pakistan,Pigmeat,2012,0
Pakistan,Pigmeat,2013,0
Pakistan,Pigmeat,2014,0
Pakistan,Pigmeat,2015,0
Pakistan,Pigmeat,2016,0
Pakistan,Pigmeat,2017,0
Pakistan,Pigmeat,2018,0
Pakistan,Pigmeat,2019,0
Pakistan,Pigmeat,2020,0
Pakistan,Pigmeat,2021,0
Pakistan,Pigmeat,2022,0
Pakistan,Pigmeat,2023,0
Pakistan,Poultry Meat,2010,3.57
Pakistan,Poultry Meat,2011,3.78
Pakistan,Poultry Meat,2012,4.04
Pakistan,Poultry Meat,2013,4.32
Pakistan,Poultry Meat,2014,4.62
Pakistan,Poultry Meat,2015,4.96
Pakistan,Poultry Meat,2016,5.34
Pakistan,Poultry Meat,2017,5.73
Pakistan,Poultry Meat,2018,6.13
Pakistan,Poultry Meat,2019,6.58
Pakistan,Poultry Meat,2020,7.04
Pakistan,Poultry Meat,2021,7.55
Pakistan,Poultry Meat,2022,8.13
Pakistan,Poultry Meat,2023,8.72
Pakistan,"Meat, Other",2010,0.12
Pakistan,"Meat, Other",2011,0.11
Pakistan,"Meat, Other",2012,0.11
Pakistan,"Meat, Other",2013,0.11
Pakistan,"Meat, Other",2014,0.11
Pakistan,"Meat, Other",2015,0.11
Pakistan,"Meat, Other",2016,0.11
Pakistan,"Meat, Other",2017,0.11
Pakistan,"Meat, Other",2018,0.11
Pakistan,"Meat, Other",2019,0.13
Pakistan,"Meat, Other",2020,0.12
Pakistan,"Meat, Other",2021,0.12
Pakistan,"Meat, Other",2022,0.12
Pakistan,"Meat, Other",2023,0.12
Philippines,Bovine Meat,2010,4.53
Philippines,Bovine Meat,2011,4.31
Philippines,Bovine Meat,2012,4.03
Philippines,Bovine Meat,2013,3.93
Philippines,Bovine Meat,2014,4.31
Philippines,Bovine Meat,2015,4.22
Philippines,Bovine Meat,2016,4.44
Philippines,Bovine Meat,2017,4.58
Philippines,Bovine Meat,2018,4.56
Philippines,Bovine Meat,2019,3.51
Philippines,Bovine Meat,2020,3.02
Philippines,Bovine Meat,2021,3.67
Philippines,Bovine Meat,2022,3.85
Philippines,Bovine Meat,2023,3.36
Philippines,Mutton & Goat Meat,2010,0.58
Philippines,Mutton & Goat Meat,2011,0.51
Philippines,Mutton & Goat Meat,2012,0.51
Philippines,Mutton & Goat Meat,2013,0.54
Philippines,Mutton & Goat Meat,2014,0.51
Philippines,Mutton & Goat Meat,2015,0.51
Philippines,Mutton & Goat Meat,2016,0.51
Philippines,Mutton & Goat Meat,2017,0.52
Philippines,Mutton & Goat Meat,2018,0.52
Philippines,Mutton & Goat Meat,2019,0.31
Philippines,Mutton & Goat Meat,2020,0.27
Philippines,Mutton & Goat Meat,2021,0.29
Philippines,Mutton & Goat Meat,2022,0.28
Philippines,Mutton & Goat Meat,2023,0.26
Philippines,Pigmeat,2010,17.85
Philippines,Pigmeat,2011,17.6
Philippines,Pigmeat,2012,17.45
Philippines,Pigmeat,2013,17.57
Philippines,Pigmeat,2014,17.27
Philippines,Pigmeat,2015,17.78
Philippines,Pigmeat,2016,18.56
Philippines,Pigmeat,2017,18.41
Philippines,Pigmeat,2018,18.71
Philippines,Pigmeat,2019,15.73
Philippines,Pigmeat,2020,14.26
Philippines,Pigmeat,2021,13.84
Philippines,Pigmeat,2022,15.05
Philippines,Pigmeat,2023,14.11
Philippines,Poultry Meat,2010,10.89
Philippines,Poultry Meat,2011,10.96
Philippines,Poultry Meat,2012,11.14
Philippines,Poultry Meat,2013,11.32
Philippines,Poultry Meat,2014,12.38
Philippines,Poultry Meat,2015,12.87
Philippines,Poultry Meat,2016,13.65
Philippines,Poultry Meat,2017,13.82
Philippines,Poultry Meat,2018,14.89
Philippines,Poultry Meat,2019,16.68
Philippines,Poultry Meat,2020,16.25
Philippines,Poultry Meat,2021,15.41
Philippines,Poultry Meat,2022,15.96
Philippines,Poultry Meat,2023,15.75
Philippines,"Meat, Other",2010,0.23
Philippines,"Meat, Other",2011,0.23
Philippines,"Meat, Other",2012,0.22
Philippines,"Meat, Other",2013,0.2
Philippines,"Meat, Other",2014,0.16
Philippines,"Meat, Other",2015,0.17
Philippines,"Meat, Other",2016,0.16
Philippines,"Meat, Other",2017,0.17
Philippines,"Meat, Other",2018,0.16
Philippines,"Meat, Other",2019,0.16
Philippines,"Meat, Other",2020,0.16
Philippines,"Meat, Other",2021,0.16
Philippines,"Meat, Other",2022,0.16
Philippines,"Meat, Other",2023,0.16
Qatar,Bovine Meat,2019,10.41
Qatar,Bovine Meat,2020,11.46
Qatar,Bovine Meat,2021,13.18
Qatar,Bovine Meat,2022,17.34
Qatar,Bovine Meat,2023,13.25
Qatar,Mutton & Goat Meat,2019,14.48
Qatar,Mutton & Goat Meat,2020,13.64
Qatar,Mutton & Goat Meat,2021,13.44
Qatar,Mutton & Goat Meat,2022,10.57
Qatar,Mutton & Goat Meat,2023,9.27
Qatar,Pigmeat,2019,0.14
Qatar,Pigmeat,2020,1.41
Qatar,Pigmeat,2021,0.24
Qatar,Pigmeat,2022,0.22
Qatar,Pigmeat,2023,0.13
Qatar,Poultry Meat,2019,54.52
Qatar,Poultry Meat,2020,55.94
Qatar,Poultry Meat,2021,54.27
Qatar,Poultry Meat,2022,55.13
Qatar,Poultry Meat,2023,48.28
Qatar,"Meat, Other",2019,0.69
Qatar,"Meat, Other",2020,0.64
Qatar,"Meat, Other",2021,0.56
Qatar,"Meat, Other",2022,0.35
Qatar,"Meat, Other",2023,0.5
Republic of Korea,Bovine Meat,2010,12.84
Republic of Korea,Bovine Meat,2011,15.12
Republic of Korea,Bovine Meat,2012,14.49
Republic of Korea,Bovine Meat,2013,14.98
Republic of Korea,Bovine Meat,2014,15.99
Republic of Korea,Bovine Meat,2015,16.25
Republic of Korea,Bovine Meat,2016,16.3
Republic of Korea,Bovine Meat,2017,17.2
Republic of Korea,Bovine Meat,2018,18
Republic of Korea,Bovine Meat,2019,19.29
Republic of Korea,Bovine Meat,2020,19.07
Republic of Korea,Bovine Meat,2021,20.32
Republic of Korea,Bovine Meat,2022,19.55
Republic of Korea,Bovine Meat,2023,18.84
Republic of Korea,Mutton & Goat Meat,2010,0.12
Republic of Korea,Mutton & Goat Meat,2011,0.13
Republic of Korea,Mutton & Goat Meat,2012,0.14
Republic of Korea,Mutton & Goat Meat,2013,0.13
Republic of Korea,Mutton & Goat Meat,2014,0.17
Republic of Korea,Mutton & Goat Meat,2015,0.21
Republic of Korea,Mutton & Goat Meat,2016,0.27
Republic of Korea,Mutton & Goat Meat,2017,0.36
Republic of Korea,Mutton & Goat Meat,2018,0.37
Republic of Korea,Mutton & Goat Meat,2019,0.37
Republic of Korea,Mutton & Goat Meat,2020,0.38
Republic of Korea,Mutton & Goat Meat,2021,0.41
Republic of Korea,Mutton & Goat Meat,2022,0.56
Republic of Korea,Mutton & Goat Meat,2023,0.65
Republic of Korea,Pigmeat,2010,30.95
Republic of Korea,Pigmeat,2011,30.57
Republic of Korea,Pigmeat,2012,32.37
Republic of Korea,Pigmeat,2013,32.99
Republic of Korea,Pigmeat,2014,33.55
Republic of Korea,Pigmeat,2015,35.9
Republic of Korea,Pigmeat,2016,37.02
Republic of Korea,Pigmeat,2017,37.76
Republic of Korea,Pigmeat,2018,40.7
Republic of Korea,Pigmeat,2019,40.14
Republic of Korea,Pigmeat,2020,38
Republic of Korea,Pigmeat,2021,38.3
Republic of Korea,Pigmeat,2022,41.37
Republic of Korea,Pigmeat,2023,39.71
Republic of Korea,Poultry Meat,2010,15.31
Republic of Korea,Poultry Meat,2011,16.13
Republic of Korea,Poultry Meat,2012,16.06
Republic of Korea,Poultry Meat,2013,16.1
Republic of Korea,Poultry Meat,2014,18.14
Republic of Korea,Poultry Meat,2015,18.91
Republic of Korea,Poultry Meat,2016,19.34
Republic of Korea,Poultry Meat,2017,18.81
Republic of Korea,Poultry Meat,2018,19.74
Republic of Korea,Poultry Meat,2019,20.96
Republic of Korea,Poultry Meat,2020,22.55
Republic of Korea,Poultry Meat,2021,22.14
Republic of Korea,Poultry Meat,2022,22.2
Republic of Korea,Poultry Meat,2023,24.58
Republic of Korea,"Meat, Other",2010,0.27
Republic of Korea,"Meat, Other",2011,0.26
Republic of Korea,"Meat, Other",2012,0.26
Republic of Korea,"Meat, Other",2013,0.23
Republic of Korea,"Meat, Other",2014,0.23
Republic of Korea,"Meat, Other",2015,0.21
Republic of Korea,"Meat, Other",2016,0.19
Republic of Korea,"Meat, Other",2017,0.18
Republic of Korea,"Meat, Other",2018,0.18
Republic of Korea,"Meat, Other",2019,0.15
Republic of Korea,"Meat, Other",2020,0.15
Republic of Korea,"Meat, Other",2021,0.15
Republic of Korea,"Meat, Other",2022,0.17
Republic of Korea,"Meat, Other",2023,0.22
Saudi Arabia,Bovine Meat,2010,7.22
Saudi Arabia,Bovine Meat,2011,7.01
Saudi Arabia,Bovine Meat,2012,7.26
Saudi Arabia,Bovine Meat,2013,7.02
Saudi Arabia,Bovine Meat,2014,7.12
Saudi Arabia,Bovine Meat,2015,6.93
Saudi Arabia,Bovine Meat,2016,5.53
Saudi Arabia,Bovine Meat,2017,6.23
Saudi Arabia,Bovine Meat,2018,6.12
Saudi Arabia,Bovine Meat,2019,6.17
Saudi Arabia,Bovine Meat,2020,6.2
Saudi Arabia,Bovine Meat,2021,6.84
Saudi Arabia,Bovine Meat,2022,7.15
Saudi Arabia,Bovine Meat,2023,6.63
Saudi Arabia,Mutton & Goat Meat,2010,6.2
Saudi Arabia,Mutton & Goat Meat,2011,6.62
Saudi Arabia,Mutton & Goat Meat,2012,6.52
Saudi Arabia,Mutton & Goat Meat,2013,6.73
Saudi Arabia,Mutton & Goat Meat,2014,6.57
Saudi Arabia,Mutton & Goat Meat,2015,6.23
Saudi Arabia,Mutton & Goat Meat,2016,5.26
Saudi Arabia,Mutton & Goat Meat,2017,5.3
Saudi Arabia,Mutton & Goat Meat,2018,5.05
Saudi Arabia,Mutton & Goat Meat,2019,4.82
Saudi Arabia,Mutton & Goat Meat,2020,5.27
Saudi Arabia,Mutton & Goat Meat,2021,7.55
Saudi Arabia,Mutton & Goat Meat,2022,5.77
Saudi Arabia,Mutton & Goat Meat,2023,6.42
Saudi Arabia,Pigmeat,2022,0.14
Saudi Arabia,Pigmeat,2023,0
Saudi Arabia,Poultry Meat,2010,49.18
Saudi Arabia,Poultry Meat,2011,47.01
Saudi Arabia,Poultry Meat,2012,45.42
Saudi Arabia,Poultry Meat,2013,50.34
Saudi Arabia,Poultry Meat,2014,43.06
Saudi Arabia,Poultry Meat,2015,45.8
Saudi Arabia,Poultry Meat,2016,47.1
Saudi Arabia,Poultry Meat,2017,40.91
Saudi Arabia,Poultry Meat,2018,38.88
Saudi Arabia,Poultry Meat,2019,46.37
Saudi Arabia,Poultry Meat,2020,48.28
Saudi Arabia,Poultry Meat,2021,48.22
Saudi Arabia,Poultry Meat,2022,51.03
Saudi Arabia,Poultry Meat,2023,42.94
Saudi Arabia,"Meat, Other",2010,1.83
Saudi Arabia,"Meat, Other",2011,1.7
Saudi Arabia,"Meat, Other",2012,1.65
Saudi Arabia,"Meat, Other",2013,1.76
Saudi Arabia,"Meat, Other",2014,1.59
Saudi Arabia,"Meat, Other",2015,1.57
Saudi Arabia,"Meat, Other",2016,1.49
Saudi Arabia,"Meat, Other",2017,1.49
Saudi Arabia,"Meat, Other",2018,1.5
Saudi Arabia,"Meat, Other",2019,3.59
Saudi Arabia,"Meat, Other",2020,3.25
Saudi Arabia,"Meat, Other",2021,1.96
Saudi Arabia,"Meat, Other",2022,1.89
Saudi Arabia,"Meat, Other",2023,2.09
Sri Lanka,Bovine Meat,2010,1.6
Sri Lanka,Bovine Meat,2011,1.31
Sri Lanka,Bovine Meat,2012,1.36
Sri Lanka,Bovine Meat,2013,1.27
Sri Lanka,Bovine Meat,2014,1.13
Sri Lanka,Bovine Meat,2015,1.49
Sri Lanka,Bovine Meat,2016,1.47
Sri Lanka,Bovine Meat,2017,1.36
Sri Lanka,Bovine Meat,2018,1.36
Sri Lanka,Bovine Meat,2019,1.34
Sri Lanka,Bovine Meat,2020,1.32
Sri Lanka,Bovine Meat,2021,1.23
Sri Lanka,Bovine Meat,2022,1.21
Sri Lanka,Bovine Meat,2023,1.19
Sri Lanka,Mutton & Goat Meat,2010,0.08
Sri Lanka,Mutton & Goat Meat,2011,0.09
Sri Lanka,Mutton & Goat Meat,2012,0.09
Sri Lanka,Mutton & Goat Meat,2013,0.08
Sri Lanka,Mutton & Goat Meat,2014,0.07
Sri Lanka,Mutton & Goat Meat,2015,0.09
Sri Lanka,Mutton & Goat Meat,2016,0.09
Sri Lanka,Mutton & Goat Meat,2017,0.12
Sri Lanka,Mutton & Goat Meat,2018,0.11
Sri Lanka,Mutton & Goat Meat,2019,0.14
Sri Lanka,Mutton & Goat Meat,2020,0.13
Sri Lanka,Mutton & Goat Meat,2021,0.15
Sri Lanka,Mutton & Goat Meat,2022,0.13
Sri Lanka,Mutton & Goat Meat,2023,0.13
Sri Lanka,Pigmeat,2010,0.02
Sri Lanka,Pigmeat,2011,0.02
Sri Lanka,Pigmeat,2012,0.06
Sri Lanka,Pigmeat,2013,0.08
Sri Lanka,Pigmeat,2014,0.07
Sri Lanka,Pigmeat,2015,0.07
Sri Lanka,Pigmeat,2016,0.05
Sri Lanka,Pigmeat,2017,0.05
Sri Lanka,Pigmeat,2018,0.06
Sri Lanka,Pigmeat,2019,0.05
Sri Lanka,Pigmeat,2020,0.06
Sri Lanka,Pigmeat,2021,0.09
Sri Lanka,Pigmeat,2022,0.05
Sri Lanka,Pigmeat,2023,0.03
Sri Lanka,Poultry Meat,2010,4.86
Sri Lanka,Poultry Meat,2011,4.91
Sri Lanka,Poultry Meat,2012,5.99
Sri Lanka,Poultry Meat,2013,6.29
Sri Lanka,Poultry Meat,2014,6.61
Sri Lanka,Poultry Meat,2015,7.55
Sri Lanka,Poultry Meat,2016,8.28
Sri Lanka,Poultry Meat,2017,9.02
Sri Lanka,Poultry Meat,2018,9.64
Sri Lanka,Poultry Meat,2019,9.95
Sri Lanka,Poultry Meat,2020,9.51
Sri Lanka,Poultry Meat,2021,10.4
Sri Lanka,Poultry Meat,2022,9.98
Sri Lanka,Poultry Meat,2023,10.21
Sri Lanka,"Meat, Other",2010,0
Sri Lanka,"Meat, Other",2011,0
Sri Lanka,"Meat, Other",2012,0
Sri Lanka,"Meat, Other",2013,0
Sri Lanka,"Meat, Other",2014,0
Sri Lanka,"Meat, Other",2015,0
Sri Lanka,"Meat, Other",2016,0
Sri Lanka,"Meat, Other",2017,0
Sri Lanka,"Meat, Other",2018,0
Sri Lanka,"Meat, Other",2019,0
Sri Lanka,"Meat, Other",2020,0
Sri Lanka,"Meat, Other",2021,0
Sri Lanka,"Meat, Other",2022,0
Sri Lanka,"Meat, Other",2023,0
Syrian Arab Republic,Bovine Meat,2010,3.54
Syrian Arab Republic,Bovine Meat,2011,3.19
Syrian Arab Republic,Bovine Meat,2012,3.06
Syrian Arab Republic,Bovine Meat,2013,3.29
Syrian Arab Republic,Bovine Meat,2014,3.28
Syrian Arab Republic,Bovine Meat,2015,3.59
Syrian Arab Republic,Bovine Meat,2016,3.43
Syrian Arab Republic,Bovine Meat,2017,2.86
Syrian Arab Republic,Bovine Meat,2018,2.58
Syrian Arab Republic,Bovine Meat,2019,2.58
Syrian Arab Republic,Bovine Meat,2020,3.09
Syrian Arab Republic,Bovine Meat,2021,2.94
Syrian Arab Republic,Bovine Meat,2022,2.25
Syrian Arab Republic,Bovine Meat,2023,1.8
Syrian Arab Republic,Mutton & Goat Meat,2010,7.49
Syrian Arab Republic,Mutton & Goat Meat,2011,8.18
Syrian Arab Republic,Mutton & Goat Meat,2012,8.17
Syrian Arab Republic,Mutton & Goat Meat,2013,8.14
Syrian Arab Republic,Mutton & Goat Meat,2014,8.62
Syrian Arab Republic,Mutton & Goat Meat,2015,9
Syrian Arab Republic,Mutton & Goat Meat,2016,9.11
Syrian Arab Republic,Mutton & Goat Meat,2017,7.36
Syrian Arab Republic,Mutton & Goat Meat,2018,7.19
Syrian Arab Republic,Mutton & Goat Meat,2019,6.23
Syrian Arab Republic,Mutton & Goat Meat,2020,7.61
Syrian Arab Republic,Mutton & Goat Meat,2021,7.9
Syrian Arab Republic,Mutton & Goat Meat,2022,8.73
Syrian Arab Republic,Mutton & Goat Meat,2023,8.88
Syrian Arab Republic,Pigmeat,2010,0
Syrian Arab Republic,Pigmeat,2011,0
Syrian Arab Republic,Pigmeat,2012,0
Syrian Arab Republic,Pigmeat,2013,0
Syrian Arab Republic,Pigmeat,2014,0
Syrian Arab Republic,Pigmeat,2015,0
Syrian Arab Republic,Pigmeat,2016,0.03
Syrian Arab Republic,Pigmeat,2017,0.13
Syrian Arab Republic,Pigmeat,2018,0.16
Syrian Arab Republic,Pigmeat,2019,0.23
Syrian Arab Republic,Pigmeat,2020,0.18
Syrian Arab Republic,Pigmeat,2021,0.21
Syrian Arab Republic,Pigmeat,2022,0.09
Syrian Arab Republic,Pigmeat,2023,0.17
Syrian Arab Republic,Poultry Meat,2010,8.38
Syrian Arab Republic,Poultry Meat,2011,8.19
Syrian Arab Republic,Poultry Meat,2012,6.64
Syrian Arab Republic,Poultry Meat,2013,6.33
Syrian Arab Republic,Poultry Meat,2014,6.43
Syrian Arab Republic,Poultry Meat,2015,6.29
Syrian Arab Republic,Poultry Meat,2016,6.03
Syrian Arab Republic,Poultry Meat,2017,8.05
Syrian Arab Republic,Poultry Meat,2018,7.77
Syrian Arab Republic,Poultry Meat,2019,7.14
Syrian Arab Republic,Poultry Meat,2020,6.84
Syrian Arab Republic,Poultry Meat,2021,6.38
Syrian Arab Republic,Poultry Meat,2022,5.14
Syrian Arab Republic,Poultry Meat,2023,5.34
Syrian Arab Republic,"Meat, Other",2010,0.15
Syrian Arab Republic,"Meat, Other",2011,0.14
Syrian Arab Republic,"Meat, Other",2012,0.13
Syrian Arab Republic,"Meat, Other",2013,0.11
Syrian Arab Republic,"Meat, Other",2014,0.14
Syrian Arab Republic,"Meat, Other",2015,0.14
Syrian Arab Republic,"Meat, Other",2016,0.14
Syrian Arab Republic,"Meat, Other",2017,0.13
Syrian Arab Republic,"Meat, Other",2018,0.12
Syrian Arab Republic,"Meat, Other",2019,0.12
Syrian Arab Republic,"Meat, Other",2020,0.11
Syrian Arab Republic,"Meat, Other",2021,0.1
Syrian Arab Republic,"Meat, Other",2022,0.03
Syrian Arab Republic,"Meat, Other",2023,0.03
Tajikistan,Bovine Meat,2010,3.51
Tajikistan,Bovine Meat,2011,3.51
Tajikistan,Bovine Meat,2012,6.43
Tajikistan,Bovine Meat,2013,8.23
Tajikistan,Bovine Meat,2014,5.55
Tajikistan,Bovine Meat,2015,11.31
Tajikistan,Bovine Meat,2016,15.49
Tajikistan,Bovine Meat,2017,18.43
Tajikistan,Bovine Meat,2018,21.46
Tajikistan,Bovine Meat,2019,22.98
Tajikistan,Bovine Meat,2020,22.24
Tajikistan,Bovine Meat,2021,22.62
Tajikistan,Bovine Meat,2022,24.3
Tajikistan,Bovine Meat,2023,21.92
Tajikistan,Mutton & Goat Meat,2010,5.36
Tajikistan,Mutton & Goat Meat,2011,5.36
Tajikistan,Mutton & Goat Meat,2012,5.44
Tajikistan,Mutton & Goat Meat,2013,5.51
Tajikistan,Mutton & Goat Meat,2014,5.94
Tajikistan,Mutton & Goat Meat,2015,6.17
Tajikistan,Mutton & Goat Meat,2016,5.8
Tajikistan,Mutton & Goat Meat,2017,7.43
Tajikistan,Mutton & Goat Meat,2018,8.4
Tajikistan,Mutton & Goat Meat,2019,7.21
Tajikistan,Mutton & Goat Meat,2020,6.98
Tajikistan,Mutton & Goat Meat,2021,7.32
Tajikistan,Mutton & Goat Meat,2022,5.87
Tajikistan,Mutton & Goat Meat,2023,5.87
Tajikistan,Pigmeat,2010,0.93
Tajikistan,Pigmeat,2011,0.89
Tajikistan,Pigmeat,2012,0.89
Tajikistan,Pigmeat,2013,0.82
Tajikistan,Pigmeat,2014,0.82
Tajikistan,Pigmeat,2015,0.73
Tajikistan,Pigmeat,2016,0.47
Tajikistan,Pigmeat,2017,0.39
Tajikistan,Pigmeat,2018,0.46
Tajikistan,Pigmeat,2019,0.47
Tajikistan,Pigmeat,2020,0.47
Tajikistan,Pigmeat,2021,0.28
Tajikistan,Pigmeat,2022,0.34
Tajikistan,Pigmeat,2023,0.39
Tajikistan,Poultry Meat,2010,3.02
Tajikistan,Poultry Meat,2011,2.84
Tajikistan,Poultry Meat,2012,2.92
Tajikistan,Poultry Meat,2013,3
Tajikistan,Poultry Meat,2014,3.56
Tajikistan,Poultry Meat,2015,3.59
Tajikistan,Poultry Meat,2016,3.41
Tajikistan,Poultry Meat,2017,4.14
Tajikistan,Poultry Meat,2018,3.78
Tajikistan,Poultry Meat,2019,2.03
Tajikistan,Poultry Meat,2020,2.57
Tajikistan,Poultry Meat,2021,3.42
Tajikistan,Poultry Meat,2022,4.05
Tajikistan,Poultry Meat,2023,4.56
Tajikistan,"Meat, Other",2010,0.42
Tajikistan,"Meat, Other",2011,0.46
Tajikistan,"Meat, Other",2012,0.24
Tajikistan,"Meat, Other",2013,0.22
Tajikistan,"Meat, Other",2014,0.23
Tajikistan,"Meat, Other",2015,0.25
Tajikistan,"Meat, Other",2016,0.22
Tajikistan,"Meat, Other",2017,0.22
Tajikistan,"Meat, Other",2018,0.21
Tajikistan,"Meat, Other",2019,0.21
Tajikistan,"Meat, Other",2020,0.19
Tajikistan,"Meat, Other",2021,0.18
Tajikistan,"Meat, Other",2022,0.18
Tajikistan,"Meat, Other",2023,0.18
Thailand,Bovine Meat,2010,2.44
Thailand,Bovine Meat,2011,2.07
Thailand,Bovine Meat,2012,1.89
Thailand,Bovine Meat,2013,1.88
Thailand,Bovine Meat,2014,1.64
Thailand,Bovine Meat,2015,1.74
Thailand,Bovine Meat,2016,1.57
Thailand,Bovine Meat,2017,1.71
Thailand,Bovine Meat,2018,1.33
Thailand,Bovine Meat,2019,1.55
Thailand,Bovine Meat,2020,1.15
Thailand,Bovine Meat,2021,1.36
Thailand,Bovine Meat,2022,1.62
Thailand,Bovine Meat,2023,1.45
Thailand,Mutton & Goat Meat,2010,0.04
Thailand,Mutton & Goat Meat,2011,0.04
Thailand,Mutton & Goat Meat,2012,0.04
Thailand,Mutton & Goat Meat,2013,0.04
Thailand,Mutton & Goat Meat,2014,0.05
Thailand,Mutton & Goat Meat,2015,0.05
Thailand,Mutton & Goat Meat,2016,0.05
Thailand,Mutton & Goat Meat,2017,0.05
Thailand,Mutton & Goat Meat,2018,0.05
Thailand,Mutton & Goat Meat,2019,0.04
Thailand,Mutton & Goat Meat,2020,0.04
Thailand,Mutton & Goat Meat,2021,0.04
Thailand,Mutton & Goat Meat,2022,0.04
Thailand,Mutton & Goat Meat,2023,0.04
Thailand,Pigmeat,2010,13.03
Thailand,Pigmeat,2011,12.99
Thailand,Pigmeat,2012,13.1
Thailand,Pigmeat,2013,13.08
Thailand,Pigmeat,2014,13.04
Thailand,Pigmeat,2015,13.05
Thailand,Pigmeat,2016,13.15
Thailand,Pigmeat,2017,13.21
Thailand,Pigmeat,2018,13.26
Thailand,Pigmeat,2019,12.12
Thailand,Pigmeat,2020,12.8
Thailand,Pigmeat,2021,12.98
Thailand,Pigmeat,2022,13.32
Thailand,Pigmeat,2023,12.67
Thailand,Poultry Meat,2010,11.7
Thailand,Poultry Meat,2011,11.66
Thailand,Poultry Meat,2012,12.99
Thailand,Poultry Meat,2013,13.81
Thailand,Poultry Meat,2014,16.72
Thailand,Poultry Meat,2015,13.83
Thailand,Poultry Meat,2016,13.13
Thailand,Poultry Meat,2017,12.64
Thailand,Poultry Meat,2018,11.86
Thailand,Poultry Meat,2019,12.27
Thailand,Poultry Meat,2020,11.54
Thailand,Poultry Meat,2021,11.68
Thailand,Poultry Meat,2022,10.72
Thailand,Poultry Meat,2023,10.23
Thailand,"Meat, Other",2010,0
Thailand,"Meat, Other",2011,0
Thailand,"Meat, Other",2012,0.02
Thailand,"Meat, Other",2013,0.03
Thailand,"Meat, Other",2014,0.01
Thailand,"Meat, Other",2015,0.02
Thailand,"Meat, Other",2016,0.02
Thailand,"Meat, Other",2017,0
Thailand,"Meat, Other",2018,0
Thailand,"Meat, Other",2019,0
Thailand,"Meat, Other",2020,0
Thailand,"Meat, Other",2021,0.06
Thailand,"Meat, Other",2022,0.09
Thailand,"Meat, Other",2023,0.09
Timor-Leste,Bovine Meat,2010,1.48
Timor-Leste,Bovine Meat,2011,1.5
Timor-Leste,Bovine Meat,2012,1.52
Timor-Leste,Bovine Meat,2013,1.53
Timor-Leste,Bovine Meat,2014,1.77
Timor-Leste,Bovine Meat,2015,1.91
Timor-Leste,Bovine Meat,2016,1.7
Timor-Leste,Bovine Meat,2017,1.87
Timor-Leste,Bovine Meat,2018,1.71
Timor-Leste,Bovine Meat,2019,1.79
Timor-Leste,Bovine Meat,2020,1.6
Timor-Leste,Bovine Meat,2021,1.47
Timor-Leste,Bovine Meat,2022,1.54
Timor-Leste,Bovine Meat,2023,1.67
Timor-Leste,Mutton & Goat Meat,2010,0.46
Timor-Leste,Mutton & Goat Meat,2011,0.48
Timor-Leste,Mutton & Goat Meat,2012,0.51
Timor-Leste,Mutton & Goat Meat,2013,0.54
Timor-Leste,Mutton & Goat Meat,2014,0.53
Timor-Leste,Mutton & Goat Meat,2015,0.46
Timor-Leste,Mutton & Goat Meat,2016,0.39
Timor-Leste,Mutton & Goat Meat,2017,0.35
Timor-Leste,Mutton & Goat Meat,2018,0.37
Timor-Leste,Mutton & Goat Meat,2019,0.38
Timor-Leste,Mutton & Goat Meat,2020,0.45
Timor-Leste,Mutton & Goat Meat,2021,0.48
Timor-Leste,Mutton & Goat Meat,2022,0.48
Timor-Leste,Mutton & Goat Meat,2023,0.37
Timor-Leste,Pigmeat,2010,9.06
Timor-Leste,Pigmeat,2011,10.07
Timor-Leste,Pigmeat,2012,10.7
Timor-Leste,Pigmeat,2013,11.07
Timor-Leste,Pigmeat,2014,11.71
Timor-Leste,Pigmeat,2015,11.66
Timor-Leste,Pigmeat,2016,11.14
Timor-Leste,Pigmeat,2017,10.69
Timor-Leste,Pigmeat,2018,10.77
Timor-Leste,Pigmeat,2019,11.31
Timor-Leste,Pigmeat,2020,9.85
Timor-Leste,Pigmeat,2021,7
Timor-Leste,Pigmeat,2022,10.38
Timor-Leste,Pigmeat,2023,12.12
Timor-Leste,Poultry Meat,2010,4.79
Timor-Leste,Poultry Meat,2011,4.81
Timor-Leste,Poultry Meat,2012,4.7
Timor-Leste,Poultry Meat,2013,5.54
Timor-Leste,Poultry Meat,2014,4.8
Timor-Leste,Poultry Meat,2015,5.87
Timor-Leste,Poultry Meat,2016,7.03
Timor-Leste,Poultry Meat,2017,10.41
Timor-Leste,Poultry Meat,2018,8.08
Timor-Leste,Poultry Meat,2019,8.96
Timor-Leste,Poultry Meat,2020,9.15
Timor-Leste,Poultry Meat,2021,4.74
Timor-Leste,Poultry Meat,2022,5.17
Timor-Leste,Poultry Meat,2023,5.13
Timor-Leste,"Meat, Other",2010,17.61
Timor-Leste,"Meat, Other",2011,17.83
Timor-Leste,"Meat, Other",2012,17.93
Timor-Leste,"Meat, Other",2013,15.04
Timor-Leste,"Meat, Other",2014,13.68
Timor-Leste,"Meat, Other",2015,16.96
Timor-Leste,"Meat, Other",2016,17.01
Timor-Leste,"Meat, Other",2017,17.02
Timor-Leste,"Meat, Other",2018,17.01
Timor-Leste,"Meat, Other",2019,14.44
Timor-Leste,"Meat, Other",2020,11.4
Timor-Leste,"Meat, Other",2021,12.31
Timor-Leste,"Meat, Other",2022,12.74
Timor-Leste,"Meat, Other",2023,12.53
Türkiye,Bovine Meat,2010,9.67
Türkiye,Bovine Meat,2011,10.44
Türkiye,Bovine Meat,2012,10.75
Türkiye,Bovine Meat,2013,11.3
Türkiye,Bovine Meat,2014,11.65
Türkiye,Bovine Meat,2015,12.09
Türkiye,Bovine Meat,2016,12.16
Türkiye,Bovine Meat,2017,12.62
Türkiye,Bovine Meat,2018,12.91
Türkiye,Bovine Meat,2019,12.65
Türkiye,Bovine Meat,2020,15.71
Türkiye,Bovine Meat,2021,16.94
Türkiye,Bovine Meat,2022,18.2
Türkiye,Bovine Meat,2023,19.71
Türkiye,Mutton & Goat Meat,2010,3.7
Türkiye,Mutton & Goat Meat,2011,4.08
Türkiye,Mutton & Goat Meat,2012,4.22
Türkiye,Mutton & Goat Meat,2013,4.51
Türkiye,Mutton & Goat Meat,2014,4.7
Türkiye,Mutton & Goat Meat,2015,4.86
Türkiye,Mutton & Goat Meat,2016,4.91
Türkiye,Mutton & Goat Meat,2017,5.2
Türkiye,Mutton & Goat Meat,2018,5.25
Türkiye,Mutton & Goat Meat,2019,1.47
Türkiye,Mutton & Goat Meat,2020,5.05
Türkiye,Mutton & Goat Meat,2021,5.54
Türkiye,Mutton & Goat Meat,2022,6.9
Türkiye,Mutton & Goat Meat,2023,8
Türkiye,Pigmeat,2010,0
Türkiye,Pigmeat,2011,0
Türkiye,Pigmeat,2012,0
Türkiye,Pigmeat,2013,0
Türkiye,Pigmeat,2014,0
Türkiye,Pigmeat,2015,0
Türkiye,Pigmeat,2016,0
Türkiye,Pigmeat,2017,0
Türkiye,Pigmeat,2018,0
Türkiye,Pigmeat,2019,0.01
Türkiye,Pigmeat,2020,0
Türkiye,Pigmeat,2021,0
Türkiye,Pigmeat,2022,0
Türkiye,Pigmeat,2023,0
Türkiye,Poultry Meat,2010,18.25
Türkiye,Poultry Meat,2011,19.07
Türkiye,Poultry Meat,2012,19.45
Türkiye,Poultry Meat,2013,18.77
Türkiye,Poultry Meat,2014,19.23
Türkiye,Poultry Meat,2015,19.75
Türkiye,Poultry Meat,2016,19.54
Türkiye,Poultry Meat,2017,21.18
Türkiye,Poultry Meat,2018,20.33
Türkiye,Poultry Meat,2019,20.19
Türkiye,Poultry Meat,2020,19.59
Türkiye,Poultry Meat,2021,19.61
Türkiye,Poultry Meat,2022,20.74
Türkiye,Poultry Meat,2023,21.64
Türkiye,"Meat, Other",2010,0.03
Türkiye,"Meat, Other",2011,0.03
Türkiye,"Meat, Other",2012,0.03
Türkiye,"Meat, Other",2013,0.03
Türkiye,"Meat, Other",2014,0.04
Türkiye,"Meat, Other",2015,0.03
Türkiye,"Meat, Other",2016,0.03
Türkiye,"Meat, Other",2017,0.03
Türkiye,"Meat, Other",2018,0.02
Türkiye,"Meat, Other",2019,0.02
Türkiye,"Meat, Other",2020,0.02
Türkiye,"Meat, Other",2021,0.02
Türkiye,"Meat, Other",2022,0.02
Türkiye,"Meat, Other",2023,0.02
Turkmenistan,Bovine Meat,2010,22.98
Turkmenistan,Bovine Meat,2011,22.92
Turkmenistan,Bovine Meat,2012,23.43
Turkmenistan,Bovine Meat,2013,22.28
Turkmenistan,Bovine Meat,2014,25.76
Turkmenistan,Bovine Meat,2015,24.41
Turkmenistan,Bovine Meat,2016,26.75
Turkmenistan,Bovine Meat,2017,27.3
Turkmenistan,Bovine Meat,2018,25.43
Turkmenistan,Bovine Meat,2019,23.98
Turkmenistan,Bovine Meat,2020,24.31
Turkmenistan,Bovine Meat,2021,23.25
Turkmenistan,Bovine Meat,2022,22.42
Turkmenistan,Bovine Meat,2023,23.46
Turkmenistan,Mutton & Goat Meat,2010,19.79
Turkmenistan,Mutton & Goat Meat,2011,20.32
Turkmenistan,Mutton & Goat Meat,2012,22.29
Turkmenistan,Mutton & Goat Meat,2013,21.96
Turkmenistan,Mutton & Goat Meat,2014,21.34
Turkmenistan,Mutton & Goat Meat,2015,21.57
Turkmenistan,Mutton & Goat Meat,2016,18.92
Turkmenistan,Mutton & Goat Meat,2017,18.67
Turkmenistan,Mutton & Goat Meat,2018,18.38
Turkmenistan,Mutton & Goat Meat,2019,18.36
Turkmenistan,Mutton & Goat Meat,2020,18.66
Turkmenistan,Mutton & Goat Meat,2021,18.78
Turkmenistan,Mutton & Goat Meat,2022,18.1
Turkmenistan,Mutton & Goat Meat,2023,17.56
Turkmenistan,Pigmeat,2010,0.29
Turkmenistan,Pigmeat,2011,0.47
Turkmenistan,Pigmeat,2012,0.79
Turkmenistan,Pigmeat,2013,0.96
Turkmenistan,Pigmeat,2014,1.43
Turkmenistan,Pigmeat,2015,1.14
Turkmenistan,Pigmeat,2016,0.48
Turkmenistan,Pigmeat,2017,0.31
Turkmenistan,Pigmeat,2018,0.35
Turkmenistan,Pigmeat,2019,0.11
Turkmenistan,Pigmeat,2020,0.09
Turkmenistan,Pigmeat,2021,0.08
Turkmenistan,Pigmeat,2022,0.07
Turkmenistan,Pigmeat,2023,0.08
Turkmenistan,Poultry Meat,2010,3.55
Turkmenistan,Poultry Meat,2011,3.31
Turkmenistan,Poultry Meat,2012,3.42
Turkmenistan,Poultry Meat,2013,3.58
Turkmenistan,Poultry Meat,2014,6.63
Turkmenistan,Poultry Meat,2015,4.62
Turkmenistan,Poultry Meat,2016,4.01
Turkmenistan,Poultry Meat,2017,4.39
Turkmenistan,Poultry Meat,2018,7.52
Turkmenistan,Poultry Meat,2019,5.22
Turkmenistan,Poultry Meat,2020,5.59
Turkmenistan,Poultry Meat,2021,7.5
Turkmenistan,Poultry Meat,2022,9.94
Turkmenistan,Poultry Meat,2023,8.16
Turkmenistan,"Meat, Other",2010,0.23
Turkmenistan,"Meat, Other",2011,0.25
Turkmenistan,"Meat, Other",2012,0.24
Turkmenistan,"Meat, Other",2013,0.24
Turkmenistan,"Meat, Other",2014,1.5
Turkmenistan,"Meat, Other",2015,1.48
Turkmenistan,"Meat, Other",2016,1.58
Turkmenistan,"Meat, Other",2017,1.32
Turkmenistan,"Meat, Other",2018,1.4
Turkmenistan,"Meat, Other",2019,1.76
Turkmenistan,"Meat, Other",2020,1.98
Turkmenistan,"Meat, Other",2021,2.24
Turkmenistan,"Meat, Other",2022,1.99
Turkmenistan,"Meat, Other",2023,1.9
United Arab Emirates,Bovine Meat,2010,3.75
United Arab Emirates,Bovine Meat,2011,3.81
United Arab Emirates,Bovine Meat,2012,3.66
United Arab Emirates,Bovine Meat,2013,3.73
United Arab Emirates,Bovine Meat,2014,9.44
United Arab Emirates,Bovine Meat,2015,9.25
United Arab Emirates,Bovine Meat,2016,8.91
United Arab Emirates,Bovine Meat,2017,8.88
United Arab Emirates,Bovine Meat,2018,8.59
United Arab Emirates,Bovine Meat,2019,8.73
United Arab Emirates,Bovine Meat,2020,17.56
United Arab Emirates,Bovine Meat,2021,17.51
United Arab Emirates,Bovine Meat,2022,9.67
United Arab Emirates,Bovine Meat,2023,9.33
United Arab Emirates,Mutton & Goat Meat,2010,8.37
United Arab Emirates,Mutton & Goat Meat,2011,7.62
United Arab Emirates,Mutton & Goat Meat,2012,8.41
United Arab Emirates,Mutton & Goat Meat,2013,8.42
United Arab Emirates,Mutton & Goat Meat,2014,4.96
United Arab Emirates,Mutton & Goat Meat,2015,4.77
United Arab Emirates,Mutton & Goat Meat,2016,4.65
United Arab Emirates,Mutton & Goat Meat,2017,5.22
United Arab Emirates,Mutton & Goat Meat,2018,8.21
United Arab Emirates,Mutton & Goat Meat,2019,8.27
United Arab Emirates,Mutton & Goat Meat,2020,9.45
United Arab Emirates,Mutton & Goat Meat,2021,9.69
United Arab Emirates,Mutton & Goat Meat,2022,9.27
United Arab Emirates,Mutton & Goat Meat,2023,8.49
United Arab Emirates,Pigmeat,2018,0.1
United Arab Emirates,Pigmeat,2020,2.1
United Arab Emirates,Pigmeat,2021,2.57
United Arab Emirates,Pigmeat,2022,0
United Arab Emirates,Pigmeat,2023,0
United Arab Emirates,Poultry Meat,2010,23.2
United Arab Emirates,Poultry Meat,2011,24.64
United Arab Emirates,Poultry Meat,2012,26.1
United Arab Emirates,Poultry Meat,2013,24.59
United Arab Emirates,Poultry Meat,2014,26.45
United Arab Emirates,Poultry Meat,2015,33.52
United Arab Emirates,Poultry Meat,2016,31.26
United Arab Emirates,Poultry Meat,2017,26.84
United Arab Emirates,Poultry Meat,2018,32.4
United Arab Emirates,Poultry Meat,2019,34.59
United Arab Emirates,Poultry Meat,2020,49.05
United Arab Emirates,Poultry Meat,2021,53.44
United Arab Emirates,Poultry Meat,2022,47.53
United Arab Emirates,Poultry Meat,2023,46.44
United Arab Emirates,"Meat, Other",2010,3.77
United Arab Emirates,"Meat, Other",2011,3.25
United Arab Emirates,"Meat, Other",2012,3.21
United Arab Emirates,"Meat, Other",2013,3.32
United Arab Emirates,"Meat, Other",2014,1.51
United Arab Emirates,"Meat, Other",2015,1.48
United Arab Emirates,"Meat, Other",2016,1.38
United Arab Emirates,"Meat, Other",2017,2.58
United Arab Emirates,"Meat, Other",2018,2.85
United Arab Emirates,"Meat, Other",2019,2.94
United Arab Emirates,"Meat, Other",2020,3.75
United Arab Emirates,"Meat, Other",2021,3.81
United Arab Emirates,"Meat, Other",2022,3.59
United Arab Emirates,"Meat, Other",2023,3.58
Uzbekistan,Bovine Meat,2010,25.37
Uzbekistan,Bovine Meat,2011,25.92
Uzbekistan,Bovine Meat,2012,26.45
Uzbekistan,Bovine Meat,2013,26.97
Uzbekistan,Bovine Meat,2014,27.73
Uzbekistan,Bovine Meat,2015,27.98
Uzbekistan,Bovine Meat,2016,28.27
Uzbekistan,Bovine Meat,2017,28.3
Uzbekistan,Bovine Meat,2018,29.58
Uzbekistan,Bovine Meat,2019,29.88
Uzbekistan,Bovine Meat,2020,29.32
Uzbekistan,Bovine Meat,2021,30.13
Uzbekistan,Bovine Meat,2022,31.46
Uzbekistan,Bovine Meat,2023,32.27
Uzbekistan,Mutton & Goat Meat,2010,4.67
Uzbekistan,Mutton & Goat Meat,2011,4.79
Uzbekistan,Mutton & Goat Meat,2012,4.92
Uzbekistan,Mutton & Goat Meat,2013,4.96
Uzbekistan,Mutton & Goat Meat,2014,5.07
Uzbekistan,Mutton & Goat Meat,2015,5.16
Uzbekistan,Mutton & Goat Meat,2016,5.22
Uzbekistan,Mutton & Goat Meat,2017,5.27
Uzbekistan,Mutton & Goat Meat,2018,5.5
Uzbekistan,Mutton & Goat Meat,2019,5.87
Uzbekistan,Mutton & Goat Meat,2020,4.86
Uzbekistan,Mutton & Goat Meat,2021,4.5
Uzbekistan,Mutton & Goat Meat,2022,6.95
Uzbekistan,Mutton & Goat Meat,2023,7.03
Uzbekistan,Pigmeat,2010,1.02
Uzbekistan,Pigmeat,2011,1.11
Uzbekistan,Pigmeat,2012,1.16
Uzbekistan,Pigmeat,2013,1.17
Uzbekistan,Pigmeat,2014,1.19
Uzbekistan,Pigmeat,2015,1.24
Uzbekistan,Pigmeat,2016,1.14
Uzbekistan,Pigmeat,2017,1.12
Uzbekistan,Pigmeat,2018,0.12
Uzbekistan,Pigmeat,2019,0.19
Uzbekistan,Pigmeat,2020,0.13
Uzbekistan,Pigmeat,2021,0.21
Uzbekistan,Pigmeat,2022,0.15
Uzbekistan,Pigmeat,2023,0.13
Uzbekistan,Poultry Meat,2010,1.68
Uzbekistan,Poultry Meat,2011,1.77
Uzbekistan,Poultry Meat,2012,1.94
Uzbekistan,Poultry Meat,2013,1.89
Uzbekistan,Poultry Meat,2014,2.03
Uzbekistan,Poultry Meat,2015,2.08
Uzbekistan,Poultry Meat,2016,2.13
Uzbekistan,Poultry Meat,2017,2.12
Uzbekistan,Poultry Meat,2018,2.35
Uzbekistan,Poultry Meat,2019,2.74
Uzbekistan,Poultry Meat,2020,4.34
Uzbekistan,Poultry Meat,2021,6.49
Uzbekistan,Poultry Meat,2022,6.32
Uzbekistan,Poultry Meat,2023,7.65
Uzbekistan,"Meat, Other",2010,0.29
Uzbekistan,"Meat, Other",2011,0.31
Uzbekistan,"Meat, Other",2012,0.31
Uzbekistan,"Meat, Other",2013,0.33
Uzbekistan,"Meat, Other",2014,0.58
Uzbekistan,"Meat, Other",2015,0.23
Uzbekistan,"Meat, Other",2016,0.23
Uzbekistan,"Meat, Other",2017,0.23
Uzbekistan,"Meat, Other",2018,0.23
Uzbekistan,"Meat, Other",2019,0.28
Uzbekistan,"Meat, Other",2020,0.26
Uzbekistan,"Meat, Other",2021,0.31
Uzbekistan,"Meat, Other",2022,0.28
Uzbekistan,"Meat, Other",2023,0.29
Viet Nam,Bovine Meat,2010,3.36
Viet Nam,Bovine Meat,2011,5.24
Viet Nam,Bovine Meat,2012,5.57
Viet Nam,Bovine Meat,2013,5.59
Viet Nam,Bovine Meat,2014,2.54
Viet Nam,Bovine Meat,2015,2.69
Viet Nam,Bovine Meat,2016,2.8
Viet Nam,Bovine Meat,2017,2.82
Viet Nam,Bovine Meat,2018,2.99
Viet Nam,Bovine Meat,2019,3.56
Viet Nam,Bovine Meat,2020,3.93
Viet Nam,Bovine Meat,2021,4.62
Viet Nam,Bovine Meat,2022,5.24
Viet Nam,Bovine Meat,2023,5.92
Viet Nam,Mutton & Goat Meat,2010,0.19
Viet Nam,Mutton & Goat Meat,2011,0.15
Viet Nam,Mutton & Goat Meat,2012,0.13
Viet Nam,Mutton & Goat Meat,2013,0.14
Viet Nam,Mutton & Goat Meat,2014,0.12
Viet Nam,Mutton & Goat Meat,2015,0.15
Viet Nam,Mutton & Goat Meat,2016,0.15
Viet Nam,Mutton & Goat Meat,2017,0.18
Viet Nam,Mutton & Goat Meat,2018,0.2
Viet Nam,Mutton & Goat Meat,2019,0.22
Viet Nam,Mutton & Goat Meat,2020,0.23
Viet Nam,Mutton & Goat Meat,2021,0.22
Viet Nam,Mutton & Goat Meat,2022,0.24
Viet Nam,Mutton & Goat Meat,2023,0.24
Viet Nam,Pigmeat,2010,25.24
Viet Nam,Pigmeat,2011,25.5
Viet Nam,Pigmeat,2012,25.67
Viet Nam,Pigmeat,2013,25.92
Viet Nam,Pigmeat,2014,26.44
Viet Nam,Pigmeat,2015,27.43
Viet Nam,Pigmeat,2016,28.51
Viet Nam,Pigmeat,2017,28.69
Viet Nam,Pigmeat,2018,29.23
Viet Nam,Pigmeat,2019,25.16
Viet Nam,Pigmeat,2020,26.86
Viet Nam,Pigmeat,2021,31.51
Viet Nam,Pigmeat,2022,34.42
Viet Nam,Pigmeat,2023,34.37
Viet Nam,Poultry Meat,2010,11.87
Viet Nam,Poultry Meat,2011,15.84
Viet Nam,Poultry Meat,2012,12.58
Viet Nam,Poultry Meat,2013,13.01
Viet Nam,Poultry Meat,2014,8.71
Viet Nam,Poultry Meat,2015,9.26
Viet Nam,Poultry Meat,2016,9.54
Viet Nam,Poultry Meat,2017,9.75
Viet Nam,Poultry Meat,2018,11.16
Viet Nam,Poultry Meat,2019,13.7
Viet Nam,Poultry Meat,2020,16.17
Viet Nam,Poultry Meat,2021,16.69
Viet Nam,Poultry Meat,2022,18.11
Viet Nam,Poultry Meat,2023,19.65
Viet Nam,"Meat, Other",2010,0.3
Viet Nam,"Meat, Other",2011,0.3
Viet Nam,"Meat, Other",2012,0.3
Viet Nam,"Meat, Other",2013,0.3
Viet Nam,"Meat, Other",2014,0.3
Viet Nam,"Meat, Other",2015,0.31
Viet Nam,"Meat, Other",2016,0.31
Viet Nam,"Meat, Other",2017,0.31
Viet Nam,"Meat, Other",2018,0.29
Viet Nam,"Meat, Other",2019,0.25
Viet Nam,"Meat, Other",2020,0.3
Viet Nam,"Meat, Other",2021,0.25
Viet Nam,"Meat, Other",2022,0.26
Viet Nam,"Meat, Other",2023,0.29
Yemen,Bovine Meat,2010,4.23
Yemen,Bovine Meat,2011,4.09
Yemen,Bovine Meat,2012,4.02
Yemen,Bovine Meat,2013,3.96
Yemen,Bovine Meat,2014,2.66
Yemen,Bovine Meat,2015,2.34
Yemen,Bovine Meat,2016,2.05
Yemen,Bovine Meat,2017,1.93
Yemen,Bovine Meat,2018,1.84
Yemen,Bovine Meat,2019,2.17
Yemen,Bovine Meat,2020,2.66
Yemen,Bovine Meat,2021,2.27
Yemen,Bovine Meat,2022,2.02
Yemen,Bovine Meat,2023,1.98
Yemen,Mutton & Goat Meat,2010,2.65
Yemen,Mutton & Goat Meat,2011,3.12
Yemen,Mutton & Goat Meat,2012,3.48
Yemen,Mutton & Goat Meat,2013,4
Yemen,Mutton & Goat Meat,2014,4.52
Yemen,Mutton & Goat Meat,2015,4.15
Yemen,Mutton & Goat Meat,2016,3.65
Yemen,Mutton & Goat Meat,2017,3.54
Yemen,Mutton & Goat Meat,2018,3.4
Yemen,Mutton & Goat Meat,2019,3.74
Yemen,Mutton & Goat Meat,2020,3.8
Yemen,Mutton & Goat Meat,2021,3.9
Yemen,Mutton & Goat Meat,2022,4.07
Yemen,Mutton & Goat Meat,2023,3.51
Yemen,Pigmeat,2010,0.03
Yemen,Pigmeat,2011,0
Yemen,Pigmeat,2012,0.01
Yemen,Pigmeat,2013,0.01
Yemen,Pigmeat,2014,0
Yemen,Pigmeat,2015,0
Yemen,Pigmeat,2016,0
Yemen,Pigmeat,2017,0
Yemen,Pigmeat,2018,0
Yemen,Pigmeat,2019,0
Yemen,Pigmeat,2020,0.01
Yemen,Pigmeat,2021,0.01
Yemen,Pigmeat,2022,0.01
Yemen,Pigmeat,2023,0
Yemen,Poultry Meat,2010,9.29
Yemen,Poultry Meat,2011,8.54
Yemen,Poultry Meat,2012,9.49
Yemen,Poultry Meat,2013,9.39
Yemen,Poultry Meat,2014,10.17
Yemen,Poultry Meat,2015,7.58
Yemen,Poultry Meat,2016,7.97
Yemen,Poultry Meat,2017,7.64
Yemen,Poultry Meat,2018,8.19
Yemen,Poultry Meat,2019,9.4
Yemen,Poultry Meat,2020,9.63
Yemen,Poultry Meat,2021,9.34
Yemen,Poultry Meat,2022,8.01
Yemen,Poultry Meat,2023,8.15
Yemen,"Meat, Other",2010,0.1
Yemen,"Meat, Other",2011,0.12
Yemen,"Meat, Other",2012,0.11
Yemen,"Meat, Other",2013,0.1
Yemen,"Meat, Other",2014,0.1
Yemen,"Meat, Other",2015,0.09
Yemen,"Meat, Other",2016,0.08
Yemen,"Meat, Other",2017,0.07
Yemen,"Meat, Other",2018,0.07
Yemen,"Meat, Other",2019,0.09
Yemen,"Meat, Other",2020,0.09
Yemen,"Meat, Other",2021,0.15
Yemen,"Meat, Other",2022,0.08
Yemen,"Meat, Other",2023,0.09
